seed_block,training_seed,condition,evaluation_seed,episode_id,arm,tracking_mse,command_energy,missing_fraction
0,1960000,NO_REVERSAL,31000000,0,ACRKN_ACTION_ONLY,11.603931427001953,0.015169205144047737,0.78125
0,1960000,NO_REVERSAL,31000000,1,ACRKN_ACTION_ONLY,2.4958865642547607,0.013775252737104893,0.34375
0,1960000,NO_REVERSAL,31000000,2,ACRKN_ACTION_ONLY,7.525325298309326,0.013397598639130592,0.625
0,1960000,NO_REVERSAL,31000000,3,ACRKN_ACTION_ONLY,34.962318420410156,0.01628226786851883,0.609375
0,1960000,NO_REVERSAL,31000000,4,ACRKN_ACTION_ONLY,27.505882263183594,0.01708339713513851,0.59375
0,1960000,NO_REVERSAL,31000000,5,ACRKN_ACTION_ONLY,73.63406372070312,0.02130119502544403,0.328125
0,1960000,NO_REVERSAL,31000000,6,ACRKN_ACTION_ONLY,8.53647232055664,0.013664567843079567,0.671875
0,1960000,NO_REVERSAL,31000000,7,ACRKN_ACTION_ONLY,0.594986081123352,0.014463912695646286,0.671875
0,1960000,NO_REVERSAL,31000000,0,ACRKN_REALIZED_STATE,9.233476638793945,0.009708726778626442,0.78125
0,1960000,NO_REVERSAL,31000000,1,ACRKN_REALIZED_STATE,2.47365665435791,0.008709882386028767,0.34375
0,1960000,NO_REVERSAL,31000000,2,ACRKN_REALIZED_STATE,9.533074378967285,0.008456740528345108,0.625
0,1960000,NO_REVERSAL,31000000,3,ACRKN_REALIZED_STATE,30.763275146484375,0.010699535720050335,0.609375
0,1960000,NO_REVERSAL,31000000,4,ACRKN_REALIZED_STATE,23.689910888671875,0.011145517230033875,0.59375
0,1960000,NO_REVERSAL,31000000,5,ACRKN_REALIZED_STATE,67.2190933227539,0.014724927954375744,0.328125
0,1960000,NO_REVERSAL,31000000,6,ACRKN_REALIZED_STATE,10.677143096923828,0.008677873760461807,0.671875
0,1960000,NO_REVERSAL,31000000,7,ACRKN_REALIZED_STATE,0.5814565420150757,0.009252069517970085,0.671875
0,1960000,NO_REVERSAL,31000000,0,ACRKN_REVERSAL_REVEALED,9.233476638793945,0.009708726778626442,0.78125
0,1960000,NO_REVERSAL,31000000,1,ACRKN_REVERSAL_REVEALED,2.47365665435791,0.008709882386028767,0.34375
0,1960000,NO_REVERSAL,31000000,2,ACRKN_REVERSAL_REVEALED,9.533074378967285,0.008456740528345108,0.625
0,1960000,NO_REVERSAL,31000000,3,ACRKN_REVERSAL_REVEALED,30.763275146484375,0.010699535720050335,0.609375
0,1960000,NO_REVERSAL,31000000,4,ACRKN_REVERSAL_REVEALED,23.689910888671875,0.011145517230033875,0.59375
0,1960000,NO_REVERSAL,31000000,5,ACRKN_REVERSAL_REVEALED,67.2190933227539,0.014724927954375744,0.328125
0,1960000,NO_REVERSAL,31000000,6,ACRKN_REVERSAL_REVEALED,10.677143096923828,0.008677873760461807,0.671875
0,1960000,NO_REVERSAL,31000000,7,ACRKN_REVERSAL_REVEALED,0.5814565420150757,0.009252069517970085,0.671875
0,1960000,NO_REVERSAL,31000000,0,GRU_ACTION_ONLY,17.22504425048828,0.04028145596385002,0.78125
0,1960000,NO_REVERSAL,31000000,1,GRU_ACTION_ONLY,2.295397996902466,0.008744560182094574,0.34375
0,1960000,NO_REVERSAL,31000000,2,GRU_ACTION_ONLY,6.923148155212402,0.018795615062117577,0.625
0,1960000,NO_REVERSAL,31000000,3,GRU_ACTION_ONLY,40.74619674682617,0.03606073930859566,0.609375
0,1960000,NO_REVERSAL,31000000,4,GRU_ACTION_ONLY,47.68312072753906,0.08309705555438995,0.59375
0,1960000,NO_REVERSAL,31000000,5,GRU_ACTION_ONLY,100.14387512207031,0.10016295313835144,0.328125
0,1960000,NO_REVERSAL,31000000,6,GRU_ACTION_ONLY,5.752931118011475,0.029971184208989143,0.671875
0,1960000,NO_REVERSAL,31000000,7,GRU_ACTION_ONLY,0.5737940669059753,0.012701671570539474,0.671875
0,1960000,NO_REVERSAL,31000000,0,GRU_REALIZED_STATE,16.715360641479492,0.03790413960814476,0.78125
0,1960000,NO_REVERSAL,31000000,1,GRU_REALIZED_STATE,1.6815310716629028,0.020345324650406837,0.34375
0,1960000,NO_REVERSAL,31000000,2,GRU_REALIZED_STATE,7.010564804077148,0.018532590940594673,0.625
0,1960000,NO_REVERSAL,31000000,3,GRU_REALIZED_STATE,31.874408721923828,0.024656757712364197,0.609375
0,1960000,NO_REVERSAL,31000000,4,GRU_REALIZED_STATE,46.80718231201172,0.07668003439903259,0.59375
0,1960000,NO_REVERSAL,31000000,5,GRU_REALIZED_STATE,87.13751220703125,0.08270853012800217,0.328125
0,1960000,NO_REVERSAL,31000000,6,GRU_REALIZED_STATE,5.564625263214111,0.03099440038204193,0.671875
0,1960000,NO_REVERSAL,31000000,7,GRU_REALIZED_STATE,2.146228551864624,0.01863688975572586,0.671875
0,1960000,NO_REVERSAL,31000000,0,TASK_AWARE_PARTICLE_FILTER,0.2011532355843395,0.039550489724516455,0.78125
0,1960000,NO_REVERSAL,31000000,1,TASK_AWARE_PARTICLE_FILTER,0.2396021533991571,0.15464367137067192,0.34375
0,1960000,NO_REVERSAL,31000000,2,TASK_AWARE_PARTICLE_FILTER,0.31398741177326717,0.1178969031151231,0.625
0,1960000,NO_REVERSAL,31000000,3,TASK_AWARE_PARTICLE_FILTER,1.7139718937512245,0.07100845211323245,0.609375
0,1960000,NO_REVERSAL,31000000,4,TASK_AWARE_PARTICLE_FILTER,3.0818373114183983,0.1344923920399404,0.59375
0,1960000,NO_REVERSAL,31000000,5,TASK_AWARE_PARTICLE_FILTER,0.5526925227419679,0.28090198983892484,0.328125
0,1960000,NO_REVERSAL,31000000,6,TASK_AWARE_PARTICLE_FILTER,0.5843215911772008,0.1514405914370281,0.671875
0,1960000,NO_REVERSAL,31000000,7,TASK_AWARE_PARTICLE_FILTER,0.2706330805095189,0.1088987741971779,0.671875
0,1960000,HIDDEN_REVERSAL,31001000,0,ACRKN_ACTION_ONLY,1.180237889289856,0.01365345437079668,0.4375
0,1960000,HIDDEN_REVERSAL,31001000,1,ACRKN_ACTION_ONLY,30.3158016204834,0.017309702932834625,0.484375
0,1960000,HIDDEN_REVERSAL,31001000,2,ACRKN_ACTION_ONLY,4.705129146575928,0.013120660558342934,0.15625
0,1960000,HIDDEN_REVERSAL,31001000,3,ACRKN_ACTION_ONLY,3.685901641845703,0.014197174459695816,0.421875
0,1960000,HIDDEN_REVERSAL,31001000,4,ACRKN_ACTION_ONLY,12.894987106323242,0.014165777713060379,0.9375
0,1960000,HIDDEN_REVERSAL,31001000,5,ACRKN_ACTION_ONLY,1.8737157583236694,0.01516800932586193,0.421875
0,1960000,HIDDEN_REVERSAL,31001000,6,ACRKN_ACTION_ONLY,24.265705108642578,0.01714058592915535,0.53125
0,1960000,HIDDEN_REVERSAL,31001000,7,ACRKN_ACTION_ONLY,9.323530197143555,0.01499202847480774,0.65625
0,1960000,HIDDEN_REVERSAL,31001000,0,ACRKN_REALIZED_STATE,1.403257131576538,0.008960477076470852,0.4375
0,1960000,HIDDEN_REVERSAL,31001000,1,ACRKN_REALIZED_STATE,29.169322967529297,0.011747819371521473,0.484375
0,1960000,HIDDEN_REVERSAL,31001000,2,ACRKN_REALIZED_STATE,4.850051403045654,0.008575626648962498,0.15625
0,1960000,HIDDEN_REVERSAL,31001000,3,ACRKN_REALIZED_STATE,3.2531697750091553,0.009280898608267307,0.421875
0,1960000,HIDDEN_REVERSAL,31001000,4,ACRKN_REALIZED_STATE,11.602246284484863,0.009166253730654716,0.9375
0,1960000,HIDDEN_REVERSAL,31001000,5,ACRKN_REALIZED_STATE,1.7504700422286987,0.010143926367163658,0.421875
0,1960000,HIDDEN_REVERSAL,31001000,6,ACRKN_REALIZED_STATE,22.92165756225586,0.011639976873993874,0.53125
0,1960000,HIDDEN_REVERSAL,31001000,7,ACRKN_REALIZED_STATE,7.921351432800293,0.009739537723362446,0.65625
0,1960000,HIDDEN_REVERSAL,31001000,0,ACRKN_REVERSAL_REVEALED,1.2293306589126587,0.01232597604393959,0.4375
0,1960000,HIDDEN_REVERSAL,31001000,1,ACRKN_REVERSAL_REVEALED,29.91405487060547,0.016261745244264603,0.484375
0,1960000,HIDDEN_REVERSAL,31001000,2,ACRKN_REVERSAL_REVEALED,4.729619026184082,0.01161188818514347,0.15625
0,1960000,HIDDEN_REVERSAL,31001000,3,ACRKN_REVERSAL_REVEALED,3.539980411529541,0.012768343091011047,0.421875
0,1960000,HIDDEN_REVERSAL,31001000,4,ACRKN_REVERSAL_REVEALED,12.416471481323242,0.01298694871366024,0.9375
0,1960000,HIDDEN_REVERSAL,31001000,5,ACRKN_REVERSAL_REVEALED,1.864793300628662,0.013829527422785759,0.421875
0,1960000,HIDDEN_REVERSAL,31001000,6,ACRKN_REVERSAL_REVEALED,24.04383659362793,0.016078244894742966,0.53125
0,1960000,HIDDEN_REVERSAL,31001000,7,ACRKN_REVERSAL_REVEALED,9.082696914672852,0.01390204019844532,0.65625
0,1960000,HIDDEN_REVERSAL,31001000,0,GRU_ACTION_ONLY,1.678954005241394,0.009333555586636066,0.4375
0,1960000,HIDDEN_REVERSAL,31001000,1,GRU_ACTION_ONLY,36.14112854003906,0.05877884477376938,0.484375
0,1960000,HIDDEN_REVERSAL,31001000,2,GRU_ACTION_ONLY,4.921507835388184,0.008163545280694962,0.15625
0,1960000,HIDDEN_REVERSAL,31001000,3,GRU_ACTION_ONLY,2.860757350921631,0.009821249172091484,0.421875
0,1960000,HIDDEN_REVERSAL,31001000,4,GRU_ACTION_ONLY,18.553390502929688,0.04380936175584793,0.9375
0,1960000,HIDDEN_REVERSAL,31001000,5,GRU_ACTION_ONLY,1.6558706760406494,0.00886247307062149,0.421875
0,1960000,HIDDEN_REVERSAL,31001000,6,GRU_ACTION_ONLY,28.213363647460938,0.05989900231361389,0.53125
0,1960000,HIDDEN_REVERSAL,31001000,7,GRU_ACTION_ONLY,9.876212120056152,0.041756048798561096,0.65625
0,1960000,HIDDEN_REVERSAL,31001000,0,GRU_REALIZED_STATE,3.0284953117370605,0.011201586574316025,0.4375
0,1960000,HIDDEN_REVERSAL,31001000,1,GRU_REALIZED_STATE,33.71732711791992,0.04227343946695328,0.484375
0,1960000,HIDDEN_REVERSAL,31001000,2,GRU_REALIZED_STATE,5.851349830627441,0.01291393581777811,0.15625
0,1960000,HIDDEN_REVERSAL,31001000,3,GRU_REALIZED_STATE,1.600956678390503,0.009394975379109383,0.421875
0,1960000,HIDDEN_REVERSAL,31001000,4,GRU_REALIZED_STATE,15.589296340942383,0.03480718284845352,0.9375
0,1960000,HIDDEN_REVERSAL,31001000,5,GRU_REALIZED_STATE,2.3562827110290527,0.01668798364698887,0.421875
0,1960000,HIDDEN_REVERSAL,31001000,6,GRU_REALIZED_STATE,22.858936309814453,0.030877258628606796,0.53125
0,1960000,HIDDEN_REVERSAL,31001000,7,GRU_REALIZED_STATE,4.342779159545898,0.02896040678024292,0.65625
0,1960000,HIDDEN_REVERSAL,31001000,0,TASK_AWARE_PARTICLE_FILTER,1.1099575980986724,0.2263748715605851,0.4375
0,1960000,HIDDEN_REVERSAL,31001000,1,TASK_AWARE_PARTICLE_FILTER,3.348671401649149,0.5762393363848195,0.484375
0,1960000,HIDDEN_REVERSAL,31001000,2,TASK_AWARE_PARTICLE_FILTER,0.6998719291525368,0.38186361601672986,0.15625
0,1960000,HIDDEN_REVERSAL,31001000,3,TASK_AWARE_PARTICLE_FILTER,0.16707054958837825,0.18872840727970652,0.421875
0,1960000,HIDDEN_REVERSAL,31001000,4,TASK_AWARE_PARTICLE_FILTER,0.6807047404856532,0.23244039738415076,0.9375
0,1960000,HIDDEN_REVERSAL,31001000,5,TASK_AWARE_PARTICLE_FILTER,0.2966553453892663,0.17117202543909749,0.421875
0,1960000,HIDDEN_REVERSAL,31001000,6,TASK_AWARE_PARTICLE_FILTER,3.087229629860965,0.4425093881291763,0.53125
0,1960000,HIDDEN_REVERSAL,31001000,7,TASK_AWARE_PARTICLE_FILTER,2.443953119630361,0.1556614039458183,0.65625
0,1960000,REVEALED_REVERSAL,31001000,0,ACRKN_ACTION_ONLY,1.180237889289856,0.01365345437079668,0.4375
0,1960000,REVEALED_REVERSAL,31001000,1,ACRKN_ACTION_ONLY,30.3158016204834,0.017309702932834625,0.484375
0,1960000,REVEALED_REVERSAL,31001000,2,ACRKN_ACTION_ONLY,4.705129146575928,0.013120660558342934,0.15625
0,1960000,REVEALED_REVERSAL,31001000,3,ACRKN_ACTION_ONLY,3.685901641845703,0.014197174459695816,0.421875
0,1960000,REVEALED_REVERSAL,31001000,4,ACRKN_ACTION_ONLY,12.894987106323242,0.014165777713060379,0.9375
0,1960000,REVEALED_REVERSAL,31001000,5,ACRKN_ACTION_ONLY,1.8737157583236694,0.01516800932586193,0.421875
0,1960000,REVEALED_REVERSAL,31001000,6,ACRKN_ACTION_ONLY,24.265705108642578,0.01714058592915535,0.53125
0,1960000,REVEALED_REVERSAL,31001000,7,ACRKN_ACTION_ONLY,9.323530197143555,0.01499202847480774,0.65625
0,1960000,REVEALED_REVERSAL,31001000,0,ACRKN_REALIZED_STATE,1.403257131576538,0.008960477076470852,0.4375
0,1960000,REVEALED_REVERSAL,31001000,1,ACRKN_REALIZED_STATE,29.169322967529297,0.011747819371521473,0.484375
0,1960000,REVEALED_REVERSAL,31001000,2,ACRKN_REALIZED_STATE,4.850051403045654,0.008575626648962498,0.15625
0,1960000,REVEALED_REVERSAL,31001000,3,ACRKN_REALIZED_STATE,3.2531697750091553,0.009280898608267307,0.421875
0,1960000,REVEALED_REVERSAL,31001000,4,ACRKN_REALIZED_STATE,11.602246284484863,0.009166253730654716,0.9375
0,1960000,REVEALED_REVERSAL,31001000,5,ACRKN_REALIZED_STATE,1.7504700422286987,0.010143926367163658,0.421875
0,1960000,REVEALED_REVERSAL,31001000,6,ACRKN_REALIZED_STATE,22.92165756225586,0.011639976873993874,0.53125
0,1960000,REVEALED_REVERSAL,31001000,7,ACRKN_REALIZED_STATE,7.921351432800293,0.009739537723362446,0.65625
0,1960000,REVEALED_REVERSAL,31001000,0,ACRKN_REVERSAL_REVEALED,1.403257131576538,0.008960477076470852,0.4375
0,1960000,REVEALED_REVERSAL,31001000,1,ACRKN_REVERSAL_REVEALED,29.169322967529297,0.011747819371521473,0.484375
0,1960000,REVEALED_REVERSAL,31001000,2,ACRKN_REVERSAL_REVEALED,4.850051403045654,0.008575626648962498,0.15625
0,1960000,REVEALED_REVERSAL,31001000,3,ACRKN_REVERSAL_REVEALED,3.2531697750091553,0.009280898608267307,0.421875
0,1960000,REVEALED_REVERSAL,31001000,4,ACRKN_REVERSAL_REVEALED,11.602246284484863,0.009166253730654716,0.9375
0,1960000,REVEALED_REVERSAL,31001000,5,ACRKN_REVERSAL_REVEALED,1.7504700422286987,0.010143926367163658,0.421875
0,1960000,REVEALED_REVERSAL,31001000,6,ACRKN_REVERSAL_REVEALED,22.92165756225586,0.011639976873993874,0.53125
0,1960000,REVEALED_REVERSAL,31001000,7,ACRKN_REVERSAL_REVEALED,7.921351432800293,0.009739537723362446,0.65625
0,1960000,REVEALED_REVERSAL,31001000,0,GRU_ACTION_ONLY,1.678954005241394,0.009333555586636066,0.4375
0,1960000,REVEALED_REVERSAL,31001000,1,GRU_ACTION_ONLY,36.14112854003906,0.05877884477376938,0.484375
0,1960000,REVEALED_REVERSAL,31001000,2,GRU_ACTION_ONLY,4.921507835388184,0.008163545280694962,0.15625
0,1960000,REVEALED_REVERSAL,31001000,3,GRU_ACTION_ONLY,2.860757350921631,0.009821249172091484,0.421875
0,1960000,REVEALED_REVERSAL,31001000,4,GRU_ACTION_ONLY,18.553390502929688,0.04380936175584793,0.9375
0,1960000,REVEALED_REVERSAL,31001000,5,GRU_ACTION_ONLY,1.6558706760406494,0.00886247307062149,0.421875
0,1960000,REVEALED_REVERSAL,31001000,6,GRU_ACTION_ONLY,28.213363647460938,0.05989900231361389,0.53125
0,1960000,REVEALED_REVERSAL,31001000,7,GRU_ACTION_ONLY,9.876212120056152,0.041756048798561096,0.65625
0,1960000,REVEALED_REVERSAL,31001000,0,GRU_REALIZED_STATE,3.0284953117370605,0.011201586574316025,0.4375
0,1960000,REVEALED_REVERSAL,31001000,1,GRU_REALIZED_STATE,33.71732711791992,0.04227343946695328,0.484375
0,1960000,REVEALED_REVERSAL,31001000,2,GRU_REALIZED_STATE,5.851349830627441,0.01291393581777811,0.15625
0,1960000,REVEALED_REVERSAL,31001000,3,GRU_REALIZED_STATE,1.600956678390503,0.009394975379109383,0.421875
0,1960000,REVEALED_REVERSAL,31001000,4,GRU_REALIZED_STATE,15.589296340942383,0.03480718284845352,0.9375
0,1960000,REVEALED_REVERSAL,31001000,5,GRU_REALIZED_STATE,2.3562827110290527,0.01668798364698887,0.421875
0,1960000,REVEALED_REVERSAL,31001000,6,GRU_REALIZED_STATE,22.858936309814453,0.030877258628606796,0.53125
0,1960000,REVEALED_REVERSAL,31001000,7,GRU_REALIZED_STATE,4.342779159545898,0.02896040678024292,0.65625
0,1960000,REVEALED_REVERSAL,31001000,0,TASK_AWARE_PARTICLE_FILTER,1.0423213284732566,0.2345248520654366,0.4375
0,1960000,REVEALED_REVERSAL,31001000,1,TASK_AWARE_PARTICLE_FILTER,3.504531857452367,0.4943593385949083,0.484375
0,1960000,REVEALED_REVERSAL,31001000,2,TASK_AWARE_PARTICLE_FILTER,0.7415086605929688,0.39283469658052805,0.15625
0,1960000,REVEALED_REVERSAL,31001000,3,TASK_AWARE_PARTICLE_FILTER,0.18868539798442321,0.1943896109405383,0.421875
0,1960000,REVEALED_REVERSAL,31001000,4,TASK_AWARE_PARTICLE_FILTER,1.7479239475728785,0.0861120152102845,0.9375
0,1960000,REVEALED_REVERSAL,31001000,5,TASK_AWARE_PARTICLE_FILTER,0.335305198327647,0.18679485073925303,0.421875
0,1960000,REVEALED_REVERSAL,31001000,6,TASK_AWARE_PARTICLE_FILTER,2.2047494612026624,0.43904632573543056,0.53125
0,1960000,REVEALED_REVERSAL,31001000,7,TASK_AWARE_PARTICLE_FILTER,2.9844845992076556,0.1660691814695282,0.65625
1,1960001,NO_REVERSAL,31010000,0,ACRKN_ACTION_ONLY,4.810525894165039,0.01652408018708229,0.484375
1,1960001,NO_REVERSAL,31010000,1,ACRKN_ACTION_ONLY,16.22473907470703,0.016635984182357788,0.578125
1,1960001,NO_REVERSAL,31010000,2,ACRKN_ACTION_ONLY,1.356743574142456,0.012525711208581924,0.375
1,1960001,NO_REVERSAL,31010000,3,ACRKN_ACTION_ONLY,16.65906524658203,0.03099822625517845,0.640625
1,1960001,NO_REVERSAL,31010000,4,ACRKN_ACTION_ONLY,2.6748812198638916,0.0062468526884913445,0.484375
1,1960001,NO_REVERSAL,31010000,5,ACRKN_ACTION_ONLY,7.975593566894531,0.009697075933218002,0.4375
1,1960001,NO_REVERSAL,31010000,6,ACRKN_ACTION_ONLY,1.2334377765655518,0.005446209572255611,0.21875
1,1960001,NO_REVERSAL,31010000,7,ACRKN_ACTION_ONLY,11.37258529663086,0.022333769127726555,0.5625
1,1960001,NO_REVERSAL,31010000,0,ACRKN_REALIZED_STATE,4.7267961502075195,0.013548510149121284,0.484375
1,1960001,NO_REVERSAL,31010000,1,ACRKN_REALIZED_STATE,18.456398010253906,0.011862740851938725,0.578125
1,1960001,NO_REVERSAL,31010000,2,ACRKN_REALIZED_STATE,1.492051124572754,0.010833143256604671,0.375
1,1960001,NO_REVERSAL,31010000,3,ACRKN_REALIZED_STATE,15.933462142944336,0.02435031160712242,0.640625
1,1960001,NO_REVERSAL,31010000,4,ACRKN_REALIZED_STATE,3.4139184951782227,0.003998689819127321,0.484375
1,1960001,NO_REVERSAL,31010000,5,ACRKN_REALIZED_STATE,7.858415603637695,0.0072966888546943665,0.4375
1,1960001,NO_REVERSAL,31010000,6,ACRKN_REALIZED_STATE,1.385966420173645,0.004141571465879679,0.21875
1,1960001,NO_REVERSAL,31010000,7,ACRKN_REALIZED_STATE,11.702610969543457,0.019956668838858604,0.5625
1,1960001,NO_REVERSAL,31010000,0,ACRKN_REVERSAL_REVEALED,3.3784945011138916,0.019651222974061966,0.484375
1,1960001,NO_REVERSAL,31010000,1,ACRKN_REVERSAL_REVEALED,19.16065216064453,0.017879433929920197,0.578125
1,1960001,NO_REVERSAL,31010000,2,ACRKN_REVERSAL_REVEALED,1.0663902759552002,0.015972992405295372,0.375
1,1960001,NO_REVERSAL,31010000,3,ACRKN_REVERSAL_REVEALED,13.630027770996094,0.03185290843248367,0.640625
1,1960001,NO_REVERSAL,31010000,4,ACRKN_REVERSAL_REVEALED,3.79188871383667,0.0071930414997041225,0.484375
1,1960001,NO_REVERSAL,31010000,5,ACRKN_REVERSAL_REVEALED,6.998003005981445,0.011447557248175144,0.4375
1,1960001,NO_REVERSAL,31010000,6,ACRKN_REVERSAL_REVEALED,1.7662198543548584,0.006915047764778137,0.21875
1,1960001,NO_REVERSAL,31010000,7,ACRKN_REVERSAL_REVEALED,9.032437324523926,0.025434141978621483,0.5625
1,1960001,NO_REVERSAL,31010000,0,GRU_ACTION_ONLY,56.85441589355469,0.13559500873088837,0.484375
1,1960001,NO_REVERSAL,31010000,1,GRU_ACTION_ONLY,11.524286270141602,0.019557155668735504,0.578125
1,1960001,NO_REVERSAL,31010000,2,GRU_ACTION_ONLY,53.74797821044922,0.17017461359500885,0.375
1,1960001,NO_REVERSAL,31010000,3,GRU_ACTION_ONLY,66.34221649169922,0.12443892657756805,0.640625
1,1960001,NO_REVERSAL,31010000,4,GRU_ACTION_ONLY,0.5104327201843262,0.01885116472840309,0.484375
1,1960001,NO_REVERSAL,31010000,5,GRU_ACTION_ONLY,44.107154846191406,0.1008630022406578,0.4375
1,1960001,NO_REVERSAL,31010000,6,GRU_ACTION_ONLY,2.385941982269287,0.045196909457445145,0.21875
1,1960001,NO_REVERSAL,31010000,7,GRU_ACTION_ONLY,78.81730651855469,0.15093538165092468,0.5625
1,1960001,NO_REVERSAL,31010000,0,GRU_REALIZED_STATE,88.92506408691406,0.22142475843429565,0.484375
1,1960001,NO_REVERSAL,31010000,1,GRU_REALIZED_STATE,1.745702862739563,0.05537688732147217,0.578125
1,1960001,NO_REVERSAL,31010000,2,GRU_REALIZED_STATE,82.85931396484375,0.26934200525283813,0.375
1,1960001,NO_REVERSAL,31010000,3,GRU_REALIZED_STATE,97.37629699707031,0.19090864062309265,0.640625
1,1960001,NO_REVERSAL,31010000,4,GRU_REALIZED_STATE,13.966273307800293,0.15100634098052979,0.484375
1,1960001,NO_REVERSAL,31010000,5,GRU_REALIZED_STATE,80.349609375,0.20003345608711243,0.4375
1,1960001,NO_REVERSAL,31010000,6,GRU_REALIZED_STATE,22.795589447021484,0.2139516919851303,0.21875
1,1960001,NO_REVERSAL,31010000,7,GRU_REALIZED_STATE,112.74224853515625,0.2325267195701599,0.5625
1,1960001,NO_REVERSAL,31010000,0,TASK_AWARE_PARTICLE_FILTER,0.11996717334035147,0.08417115505756773,0.484375
1,1960001,NO_REVERSAL,31010000,1,TASK_AWARE_PARTICLE_FILTER,1.4080911419517121,0.1615232070861036,0.578125
1,1960001,NO_REVERSAL,31010000,2,TASK_AWARE_PARTICLE_FILTER,0.11927834983835027,0.08926932323524209,0.375
1,1960001,NO_REVERSAL,31010000,3,TASK_AWARE_PARTICLE_FILTER,1.9680866339429104,0.23948222621915882,0.640625
1,1960001,NO_REVERSAL,31010000,4,TASK_AWARE_PARTICLE_FILTER,0.11549742135963458,0.06753825791506161,0.484375
1,1960001,NO_REVERSAL,31010000,5,TASK_AWARE_PARTICLE_FILTER,0.8171353546266762,0.20736001434428117,0.4375
1,1960001,NO_REVERSAL,31010000,6,TASK_AWARE_PARTICLE_FILTER,0.08493122048317975,0.058787987141917505,0.21875
1,1960001,NO_REVERSAL,31010000,7,TASK_AWARE_PARTICLE_FILTER,1.4589214236284918,0.216810471504854,0.5625
1,1960001,HIDDEN_REVERSAL,31011000,0,ACRKN_ACTION_ONLY,2.969564437866211,0.00851557869464159,0.75
1,1960001,HIDDEN_REVERSAL,31011000,1,ACRKN_ACTION_ONLY,24.084266662597656,0.033436596393585205,0.328125
1,1960001,HIDDEN_REVERSAL,31011000,2,ACRKN_ACTION_ONLY,4.506081581115723,0.007437271997332573,0.53125
1,1960001,HIDDEN_REVERSAL,31011000,3,ACRKN_ACTION_ONLY,1.302655816078186,0.006322397384792566,0.640625
1,1960001,HIDDEN_REVERSAL,31011000,4,ACRKN_ACTION_ONLY,7.096713066101074,0.011047601699829102,0.5
1,1960001,HIDDEN_REVERSAL,31011000,5,ACRKN_ACTION_ONLY,0.37572211027145386,0.008031695149838924,0.296875
1,1960001,HIDDEN_REVERSAL,31011000,6,ACRKN_ACTION_ONLY,1.1422154903411865,0.008215967565774918,0.53125
1,1960001,HIDDEN_REVERSAL,31011000,7,ACRKN_ACTION_ONLY,15.982508659362793,0.029254581779241562,0.46875
1,1960001,HIDDEN_REVERSAL,31011000,0,ACRKN_REALIZED_STATE,3.345651149749756,0.008912172168493271,0.75
1,1960001,HIDDEN_REVERSAL,31011000,1,ACRKN_REALIZED_STATE,24.559829711914062,0.031782981008291245,0.328125
1,1960001,HIDDEN_REVERSAL,31011000,2,ACRKN_REALIZED_STATE,4.691763877868652,0.006116262637078762,0.53125
1,1960001,HIDDEN_REVERSAL,31011000,3,ACRKN_REALIZED_STATE,1.7484791278839111,0.007066665217280388,0.640625
1,1960001,HIDDEN_REVERSAL,31011000,4,ACRKN_REALIZED_STATE,7.999467372894287,0.009341364726424217,0.5
1,1960001,HIDDEN_REVERSAL,31011000,5,ACRKN_REALIZED_STATE,0.4956772029399872,0.00795009359717369,0.296875
1,1960001,HIDDEN_REVERSAL,31011000,6,ACRKN_REALIZED_STATE,0.943207859992981,0.0077652172185480595,0.53125
1,1960001,HIDDEN_REVERSAL,31011000,7,ACRKN_REALIZED_STATE,14.875299453735352,0.027569424360990524,0.46875
1,1960001,HIDDEN_REVERSAL,31011000,0,ACRKN_REVERSAL_REVEALED,2.940751075744629,0.008272984996438026,0.75
1,1960001,HIDDEN_REVERSAL,31011000,1,ACRKN_REVERSAL_REVEALED,24.4140625,0.031914688646793365,0.328125
1,1960001,HIDDEN_REVERSAL,31011000,2,ACRKN_REVERSAL_REVEALED,4.385461807250977,0.007460958790034056,0.53125
1,1960001,HIDDEN_REVERSAL,31011000,3,ACRKN_REVERSAL_REVEALED,1.2553585767745972,0.006235492881387472,0.640625
1,1960001,HIDDEN_REVERSAL,31011000,4,ACRKN_REVERSAL_REVEALED,6.934106826782227,0.011063683778047562,0.5
1,1960001,HIDDEN_REVERSAL,31011000,5,ACRKN_REVERSAL_REVEALED,0.3316774368286133,0.007627088576555252,0.296875
1,1960001,HIDDEN_REVERSAL,31011000,6,ACRKN_REVERSAL_REVEALED,1.133615255355835,0.007841859012842178,0.53125
1,1960001,HIDDEN_REVERSAL,31011000,7,ACRKN_REVERSAL_REVEALED,16.139726638793945,0.02767118066549301,0.46875
1,1960001,HIDDEN_REVERSAL,31011000,0,GRU_ACTION_ONLY,1.4036511182785034,0.013080778531730175,0.75
1,1960001,HIDDEN_REVERSAL,31011000,1,GRU_ACTION_ONLY,50.88496017456055,0.12595464289188385,0.328125
1,1960001,HIDDEN_REVERSAL,31011000,2,GRU_ACTION_ONLY,1.9507455825805664,0.01045883446931839,0.53125
1,1960001,HIDDEN_REVERSAL,31011000,3,GRU_ACTION_ONLY,0.4295821189880371,0.01445883046835661,0.640625
1,1960001,HIDDEN_REVERSAL,31011000,4,GRU_ACTION_ONLY,3.2458560466766357,0.016312306746840477,0.5
1,1960001,HIDDEN_REVERSAL,31011000,5,GRU_ACTION_ONLY,1.6631875038146973,0.0354277566075325,0.296875
1,1960001,HIDDEN_REVERSAL,31011000,6,GRU_ACTION_ONLY,2.3388304710388184,0.039013296365737915,0.53125
1,1960001,HIDDEN_REVERSAL,31011000,7,GRU_ACTION_ONLY,32.77940368652344,0.140741765499115,0.46875
1,1960001,HIDDEN_REVERSAL,31011000,0,GRU_REALIZED_STATE,0.7126034498214722,0.05358745530247688,0.75
1,1960001,HIDDEN_REVERSAL,31011000,1,GRU_REALIZED_STATE,60.84514236450195,0.2024628072977066,0.328125
1,1960001,HIDDEN_REVERSAL,31011000,2,GRU_REALIZED_STATE,0.6063835620880127,0.04953906685113907,0.53125
1,1960001,HIDDEN_REVERSAL,31011000,3,GRU_REALIZED_STATE,0.18260645866394043,0.05769556015729904,0.640625
1,1960001,HIDDEN_REVERSAL,31011000,4,GRU_REALIZED_STATE,1.6567068099975586,0.07631087303161621,0.5
1,1960001,HIDDEN_REVERSAL,31011000,5,GRU_REALIZED_STATE,5.966250419616699,0.13744278252124786,0.296875
1,1960001,HIDDEN_REVERSAL,31011000,6,GRU_REALIZED_STATE,5.268847465515137,0.12507890164852142,0.53125
1,1960001,HIDDEN_REVERSAL,31011000,7,GRU_REALIZED_STATE,39.850616455078125,0.22615042328834534,0.46875
1,1960001,HIDDEN_REVERSAL,31011000,0,TASK_AWARE_PARTICLE_FILTER,1.169475815123795,0.0858724175154586,0.75
1,1960001,HIDDEN_REVERSAL,31011000,1,TASK_AWARE_PARTICLE_FILTER,10.07719799668557,0.7654759296562745,0.328125
1,1960001,HIDDEN_REVERSAL,31011000,2,TASK_AWARE_PARTICLE_FILTER,0.6974925959779703,0.21991217127952956,0.53125
1,1960001,HIDDEN_REVERSAL,31011000,3,TASK_AWARE_PARTICLE_FILTER,1.0245030948082143,0.431490113259892,0.640625
1,1960001,HIDDEN_REVERSAL,31011000,4,TASK_AWARE_PARTICLE_FILTER,2.330410258692809,0.22584283652082343,0.5
1,1960001,HIDDEN_REVERSAL,31011000,5,TASK_AWARE_PARTICLE_FILTER,0.13558893188611937,0.06973447244307324,0.296875
1,1960001,HIDDEN_REVERSAL,31011000,6,TASK_AWARE_PARTICLE_FILTER,0.8033368792240423,0.17043146437670453,0.53125
1,1960001,HIDDEN_REVERSAL,31011000,7,TASK_AWARE_PARTICLE_FILTER,13.321856340214893,0.7056673833817253,0.46875
1,1960001,REVEALED_REVERSAL,31011000,0,ACRKN_ACTION_ONLY,2.969564437866211,0.00851557869464159,0.75
1,1960001,REVEALED_REVERSAL,31011000,1,ACRKN_ACTION_ONLY,24.084266662597656,0.033436596393585205,0.328125
1,1960001,REVEALED_REVERSAL,31011000,2,ACRKN_ACTION_ONLY,4.506081581115723,0.007437271997332573,0.53125
1,1960001,REVEALED_REVERSAL,31011000,3,ACRKN_ACTION_ONLY,1.302655816078186,0.006322397384792566,0.640625
1,1960001,REVEALED_REVERSAL,31011000,4,ACRKN_ACTION_ONLY,7.096713066101074,0.011047601699829102,0.5
1,1960001,REVEALED_REVERSAL,31011000,5,ACRKN_ACTION_ONLY,0.37572211027145386,0.008031695149838924,0.296875
1,1960001,REVEALED_REVERSAL,31011000,6,ACRKN_ACTION_ONLY,1.1422154903411865,0.008215967565774918,0.53125
1,1960001,REVEALED_REVERSAL,31011000,7,ACRKN_ACTION_ONLY,15.982508659362793,0.029254581779241562,0.46875
1,1960001,REVEALED_REVERSAL,31011000,0,ACRKN_REALIZED_STATE,3.345651149749756,0.008912172168493271,0.75
1,1960001,REVEALED_REVERSAL,31011000,1,ACRKN_REALIZED_STATE,24.559829711914062,0.031782981008291245,0.328125
1,1960001,REVEALED_REVERSAL,31011000,2,ACRKN_REALIZED_STATE,4.691763877868652,0.006116262637078762,0.53125
1,1960001,REVEALED_REVERSAL,31011000,3,ACRKN_REALIZED_STATE,1.7484791278839111,0.007066665217280388,0.640625
1,1960001,REVEALED_REVERSAL,31011000,4,ACRKN_REALIZED_STATE,7.999467372894287,0.009341364726424217,0.5
1,1960001,REVEALED_REVERSAL,31011000,5,ACRKN_REALIZED_STATE,0.4956772029399872,0.00795009359717369,0.296875
1,1960001,REVEALED_REVERSAL,31011000,6,ACRKN_REALIZED_STATE,0.943207859992981,0.0077652172185480595,0.53125
1,1960001,REVEALED_REVERSAL,31011000,7,ACRKN_REALIZED_STATE,14.875299453735352,0.027569424360990524,0.46875
1,1960001,REVEALED_REVERSAL,31011000,0,ACRKN_REVERSAL_REVEALED,3.505958080291748,0.008594977669417858,0.75
1,1960001,REVEALED_REVERSAL,31011000,1,ACRKN_REVERSAL_REVEALED,22.549177169799805,0.03811411187052727,0.328125
1,1960001,REVEALED_REVERSAL,31011000,2,ACRKN_REVERSAL_REVEALED,5.456554412841797,0.00842769630253315,0.53125
1,1960001,REVEALED_REVERSAL,31011000,3,ACRKN_REVERSAL_REVEALED,1.9069238901138306,0.00746135413646698,0.640625
1,1960001,REVEALED_REVERSAL,31011000,4,ACRKN_REVERSAL_REVEALED,8.176812171936035,0.012446129694581032,0.5
1,1960001,REVEALED_REVERSAL,31011000,5,ACRKN_REVERSAL_REVEALED,0.5519307851791382,0.010562723502516747,0.296875
1,1960001,REVEALED_REVERSAL,31011000,6,ACRKN_REVERSAL_REVEALED,1.333715796470642,0.009996559470891953,0.53125
1,1960001,REVEALED_REVERSAL,31011000,7,ACRKN_REVERSAL_REVEALED,15.6881685256958,0.03323466330766678,0.46875
1,1960001,REVEALED_REVERSAL,31011000,0,GRU_ACTION_ONLY,1.4036511182785034,0.013080778531730175,0.75
1,1960001,REVEALED_REVERSAL,31011000,1,GRU_ACTION_ONLY,50.88496017456055,0.12595464289188385,0.328125
1,1960001,REVEALED_REVERSAL,31011000,2,GRU_ACTION_ONLY,1.9507455825805664,0.01045883446931839,0.53125
1,1960001,REVEALED_REVERSAL,31011000,3,GRU_ACTION_ONLY,0.4295821189880371,0.01445883046835661,0.640625
1,1960001,REVEALED_REVERSAL,31011000,4,GRU_ACTION_ONLY,3.2458560466766357,0.016312306746840477,0.5
1,1960001,REVEALED_REVERSAL,31011000,5,GRU_ACTION_ONLY,1.6631875038146973,0.0354277566075325,0.296875
1,1960001,REVEALED_REVERSAL,31011000,6,GRU_ACTION_ONLY,2.3388304710388184,0.039013296365737915,0.53125
1,1960001,REVEALED_REVERSAL,31011000,7,GRU_ACTION_ONLY,32.77940368652344,0.140741765499115,0.46875
1,1960001,REVEALED_REVERSAL,31011000,0,GRU_REALIZED_STATE,0.7126034498214722,0.05358745530247688,0.75
1,1960001,REVEALED_REVERSAL,31011000,1,GRU_REALIZED_STATE,60.84514236450195,0.2024628072977066,0.328125
1,1960001,REVEALED_REVERSAL,31011000,2,GRU_REALIZED_STATE,0.6063835620880127,0.04953906685113907,0.53125
1,1960001,REVEALED_REVERSAL,31011000,3,GRU_REALIZED_STATE,0.18260645866394043,0.05769556015729904,0.640625
1,1960001,REVEALED_REVERSAL,31011000,4,GRU_REALIZED_STATE,1.6567068099975586,0.07631087303161621,0.5
1,1960001,REVEALED_REVERSAL,31011000,5,GRU_REALIZED_STATE,5.966250419616699,0.13744278252124786,0.296875
1,1960001,REVEALED_REVERSAL,31011000,6,GRU_REALIZED_STATE,5.268847465515137,0.12507890164852142,0.53125
1,1960001,REVEALED_REVERSAL,31011000,7,GRU_REALIZED_STATE,39.850616455078125,0.22615042328834534,0.46875
1,1960001,REVEALED_REVERSAL,31011000,0,TASK_AWARE_PARTICLE_FILTER,0.7154917148381634,0.10616300639174481,0.75
1,1960001,REVEALED_REVERSAL,31011000,1,TASK_AWARE_PARTICLE_FILTER,9.836776422205658,0.7808503023398317,0.328125
1,1960001,REVEALED_REVERSAL,31011000,2,TASK_AWARE_PARTICLE_FILTER,0.7079890722843355,0.18643425243729586,0.53125
1,1960001,REVEALED_REVERSAL,31011000,3,TASK_AWARE_PARTICLE_FILTER,0.8562994214677965,0.39197062975009256,0.640625
1,1960001,REVEALED_REVERSAL,31011000,4,TASK_AWARE_PARTICLE_FILTER,2.1920035603857437,0.21775256474689134,0.5
1,1960001,REVEALED_REVERSAL,31011000,5,TASK_AWARE_PARTICLE_FILTER,0.13281943624634426,0.057153160829101664,0.296875
1,1960001,REVEALED_REVERSAL,31011000,6,TASK_AWARE_PARTICLE_FILTER,0.7273418962490914,0.18616702036397312,0.53125
1,1960001,REVEALED_REVERSAL,31011000,7,TASK_AWARE_PARTICLE_FILTER,13.843744121971541,0.7056792110193657,0.46875
