seed_block,condition,arm,episodes,inference_seconds
0,NO_REVERSAL,ACRKN_ACTION_ONLY,8,0.010957416000000109
0,NO_REVERSAL,ACRKN_REALIZED_STATE,8,0.010535749999999844
0,NO_REVERSAL,ACRKN_REVERSAL_REVEALED,8,0.010826082999999986
0,NO_REVERSAL,GRU_ACTION_ONLY,8,0.0032714999999998717
0,NO_REVERSAL,GRU_REALIZED_STATE,8,0.00312716600000007
0,NO_REVERSAL,TASK_AWARE_PARTICLE_FILTER,8,0.004899624999999741
0,HIDDEN_REVERSAL,ACRKN_ACTION_ONLY,8,0.01082683299999987
0,HIDDEN_REVERSAL,ACRKN_REALIZED_STATE,8,0.010659958000000191
0,HIDDEN_REVERSAL,ACRKN_REVERSAL_REVEALED,8,0.010637791999999813
0,HIDDEN_REVERSAL,GRU_ACTION_ONLY,8,0.0032165830000003837
0,HIDDEN_REVERSAL,GRU_REALIZED_STATE,8,0.0031718340000002065
0,HIDDEN_REVERSAL,TASK_AWARE_PARTICLE_FILTER,8,0.005568583000000071
0,REVEALED_REVERSAL,ACRKN_ACTION_ONLY,8,0.010710666999999674
0,REVEALED_REVERSAL,ACRKN_REALIZED_STATE,8,0.010556583000000064
0,REVEALED_REVERSAL,ACRKN_REVERSAL_REVEALED,8,0.01045562500000008
0,REVEALED_REVERSAL,GRU_ACTION_ONLY,8,0.0032482499999999526
0,REVEALED_REVERSAL,GRU_REALIZED_STATE,8,0.0031172499999998493
0,REVEALED_REVERSAL,TASK_AWARE_PARTICLE_FILTER,8,0.005033333000000084
1,NO_REVERSAL,ACRKN_ACTION_ONLY,8,0.010993875000000042
1,NO_REVERSAL,ACRKN_REALIZED_STATE,8,0.010622834000000303
1,NO_REVERSAL,ACRKN_REVERSAL_REVEALED,8,0.010613583999999676
1,NO_REVERSAL,GRU_ACTION_ONLY,8,0.0032288330000000975
1,NO_REVERSAL,GRU_REALIZED_STATE,8,0.003115500000000271
1,NO_REVERSAL,TASK_AWARE_PARTICLE_FILTER,8,0.00553125000000021
1,HIDDEN_REVERSAL,ACRKN_ACTION_ONLY,8,0.010655791000000026
1,HIDDEN_REVERSAL,ACRKN_REALIZED_STATE,8,0.010490832999999977
1,HIDDEN_REVERSAL,ACRKN_REVERSAL_REVEALED,8,0.010550750000000164
1,HIDDEN_REVERSAL,GRU_ACTION_ONLY,8,0.003296708000000148
1,HIDDEN_REVERSAL,GRU_REALIZED_STATE,8,0.0030166669999998064
1,HIDDEN_REVERSAL,TASK_AWARE_PARTICLE_FILTER,8,0.005680583999999822
1,REVEALED_REVERSAL,ACRKN_ACTION_ONLY,8,0.010674917000000228
1,REVEALED_REVERSAL,ACRKN_REALIZED_STATE,8,0.010567125000000122
1,REVEALED_REVERSAL,ACRKN_REVERSAL_REVEALED,8,0.010596458000000197
1,REVEALED_REVERSAL,GRU_ACTION_ONLY,8,0.0031567500000000415
1,REVEALED_REVERSAL,GRU_REALIZED_STATE,8,0.0030292499999999833
1,REVEALED_REVERSAL,TASK_AWARE_PARTICLE_FILTER,8,0.004951125000000278
