task_seed,n_train,split,selective_aligned,selective_broken,global_aligned,global_broken,generic_context
2335524328,32,iid,0.44674187451111635,0.4737705759955647,0.4778478249545041,0.4778478249545041,0.47447783818094275
527833268,32,iid,0.45635938718151803,0.45941557930258237,0.47369819123155593,0.47369819123155593,0.4732837176403619
3073937466,32,iid,0.4861185989838656,0.47147076773463625,0.49510678561444876,0.49510678561444876,0.49967267309662616
638419763,32,iid,0.42028789226313057,0.44051557632576577,0.4805941892104794,0.4805941892104794,0.49187421510797646
417580146,32,iid,0.49249266742569225,0.5099633018098081,0.49841788823924665,0.49841788823924665,0.49682872855524407
4245232974,32,iid,0.39589252824887444,0.3994573459625095,0.4125373819800821,0.4125373819800821,0.4161686654745286
3342171372,32,iid,0.3842027993563515,0.4400437966726013,0.4312463804716789,0.4312463804716789,0.43674704054682245
2073998987,32,iid,0.4187759960745716,0.4424485234673218,0.44409221727122417,0.44409221727122417,0.44399088981560797
1087855295,32,iid,0.42504611861881947,0.46384968258657194,0.4627027720438715,0.4627027720438715,0.4597840064465575
1828035544,32,iid,0.46741103598736855,0.4469559383312804,0.47136611811100015,0.47136611811100015,0.4667476513712342
3940129253,32,iid,0.40723326519779596,0.40884324270802536,0.41928500286316184,0.41928500286316184,0.42180237601936266
2999905983,32,iid,0.4228682940728634,0.437084292707133,0.43299601751288275,0.43299601751288275,0.4363628595652045
3457726808,32,iid,0.4521395194176846,0.43542352594650235,0.47309393319149085,0.47309393319149085,0.47449105162112626
998016390,32,iid,0.43568054699160014,0.4633477130522397,0.4634600582319133,0.4634600582319133,0.46405031696956417
13738905,32,iid,0.39030260975679165,0.40229494291940054,0.4133920739016034,0.4133920739016034,0.4043361306575907
4126454150,32,iid,0.4101710381107096,0.4203621295637675,0.4400195182568038,0.4400195182568038,0.44250883030812566
1506833841,32,iid,0.4042782215074623,0.46718191128473857,0.4573967886565924,0.4573967886565924,0.4711301923689528
1746301414,32,iid,0.4306432320882552,0.46651567959780266,0.48712863768599995,0.48712863768599995,0.49798344957305185
3733465784,32,iid,0.4561676876527127,0.4190572680893111,0.44384583507264685,0.44384583507264685,0.4447147383868514
1719217293,32,iid,0.36457682292652416,0.3538867863776076,0.3654332596855915,0.3654332596855915,0.3611388686504006
1142202553,32,iid,0.314248920807723,0.3604568210455855,0.3596605797234699,0.3596605797234699,0.37318882351735494
2323197139,32,iid,0.4315907151324695,0.4312025767842739,0.46293564458773406,0.46293564458773406,0.4643319867133816
3339319125,32,iid,0.3853757244578684,0.4067033369780959,0.401562557571597,0.401562557571597,0.4076252953699996
1409347018,32,iid,0.4092948136023559,0.4149321208453901,0.41486386504658745,0.41486386504658745,0.4250400887800162
540479482,32,iid,0.43912868343794553,0.48834361968993745,0.47793676785522454,0.47793676785522454,0.4896533034079391
213242647,32,iid,0.3735135185102854,0.44345602769321674,0.43093201380609003,0.43093201380609003,0.45127497189539945
674340934,32,iid,0.4300644821936313,0.4448334936697915,0.4604337702737523,0.4604337702737523,0.46135319672226094
931360151,32,iid,0.3703345440019594,0.3975064353112119,0.3902192226119199,0.3902192226119199,0.4076817636988054
3232667639,32,iid,0.4400984559612272,0.451418369823393,0.46258894677635287,0.46258894677635287,0.46302992805307125
980112288,32,iid,0.41954602279408015,0.4145088977218212,0.4474461945791043,0.4474461945791043,0.44677446022190426
2335524328,32,ood,0.5953107354308549,0.6194476285481648,0.614872326501181,0.614872326501181,0.6073102619249088
527833268,32,ood,0.6529811671051868,0.6581809599543289,0.6881426393259472,0.6881426393259472,0.6873288463034533
3073937466,32,ood,0.605818860394223,0.5946643964273475,0.6116653502049894,0.6116653502049894,0.6143488364317788
638419763,32,ood,0.592077531870839,0.6109212616438962,0.6648372022123675,0.6648372022123675,0.6698194480246792
417580146,32,ood,0.42038733969039394,0.44941264248743906,0.4213429418142958,0.4213429418142958,0.4201645067949131
4245232974,32,ood,0.28324884685443186,0.27471083194805423,0.31559981780877355,0.31559981780877355,0.3215938266397065
3342171372,32,ood,0.2589529843412038,0.30597272650582064,0.2857331957772974,0.2857331957772974,0.28951561935601133
2073998987,32,ood,0.41053035480935796,0.446979804598979,0.44620780270699895,0.44620780270699895,0.4466401225460771
1087855295,32,ood,0.47095298300712135,0.5003898947264129,0.49709257862474365,0.49709257862474365,0.4938972170175001
1828035544,32,ood,0.2525196400769254,0.2405410961505564,0.24989537176009397,0.24989537176009397,0.24987829951529394
3940129253,32,ood,0.40921176469745385,0.3849361026689345,0.41654293729460623,0.41654293729460623,0.41402917778609594
2999905983,32,ood,0.23998352569252168,0.25302894514585883,0.2513674784613608,0.2513674784613608,0.25155449378109734
3457726808,32,ood,0.44650573297140395,0.415757000222168,0.4534232501215506,0.4534232501215506,0.4475931359484221
998016390,32,ood,0.3408978482519993,0.36147346458419793,0.36690916348444497,0.36690916348444497,0.36934717238373604
13738905,32,ood,0.5258908265359157,0.4510731375714161,0.481235589582141,0.481235589582141,0.46175910284304184
4126454150,32,ood,0.3042060062754631,0.305360506644573,0.3030047096963672,0.3030047096963672,0.3037099057054919
1506833841,32,ood,0.5186191613537632,0.5547156313735334,0.560122722596336,0.560122722596336,0.5716155846495797
1746301414,32,ood,0.25591698305863536,0.28862201703755924,0.31353414706374244,0.31353414706374244,0.3286770663925305
3733465784,32,ood,0.2588589319258369,0.24920546691515952,0.26836903196800144,0.26836903196800144,0.27854117361095354
1719217293,32,ood,0.46116460851524155,0.44678581856587263,0.4648105216554508,0.4648105216554508,0.4629936256270575
1142202553,32,ood,0.46118011420462646,0.49679610605788027,0.5215214114041733,0.5215214114041733,0.5356809048812007
2323197139,32,ood,0.4097288870594139,0.4177111669548707,0.45250772228670155,0.45250772228670155,0.4547089975059915
3339319125,32,ood,0.5581061165458749,0.5440149234087093,0.5673929402330533,0.5673929402330533,0.5650435120403906
1409347018,32,ood,0.4284904478673427,0.5499934764081541,0.5351028617933471,0.5351028617933471,0.5550992310357937
540479482,32,ood,0.4468601471757402,0.4826853263433493,0.46588197511068175,0.46588197511068175,0.4836639430722904
213242647,32,ood,0.6582555421887171,0.6723748021918861,0.6655214880578133,0.6655214880578133,0.6691838894420792
674340934,32,ood,0.5904628054904643,0.511843774502054,0.5730851375144865,0.5730851375144865,0.5573901058438362
931360151,32,ood,0.42517517727829973,0.40764908724021826,0.40569157939528405,0.40569157939528405,0.40878025727129136
3232667639,32,ood,0.6651939760565031,0.6911198599413784,0.701529277651501,0.701529277651501,0.6998363559777425
980112288,32,ood,0.62203613587913,0.5722328395587544,0.637240713744303,0.637240713744303,0.6329395922196943
2335524328,128,iid,0.497671036202178,0.5213786794804317,0.5222613624703936,0.5222613624703936,0.5225149254384421
527833268,128,iid,0.4450032701012842,0.43062013469114957,0.44543545951305924,0.44543545951305924,0.44609962228580924
3073937466,128,iid,0.49071238969794884,0.5047496608825938,0.5168798825168979,0.5168798825168979,0.5164921375312339
638419763,128,iid,0.3878577343539077,0.3877749173135612,0.45287916847307924,0.45287916847307924,0.4651706992551832
417580146,128,iid,0.376700308025151,0.43251166822115716,0.43138393026529726,0.43138393026529726,0.4452682367706702
4245232974,128,iid,0.45692915921920374,0.4726389784086551,0.44616986765678085,0.44616986765678085,0.440668312661455
3342171372,128,iid,0.3885497187906135,0.4330310548042652,0.4354803661913646,0.4354803661913646,0.4438165855563718
2073998987,128,iid,0.43839146321536404,0.4621403495173674,0.46920834377844756,0.46920834377844756,0.46736792021605095
1087855295,128,iid,0.3987115373204035,0.41915306413366465,0.4255493283583553,0.4255493283583553,0.4246379064871165
1828035544,128,iid,0.42302579615507674,0.38516203376197833,0.40985202913324853,0.40985202913324853,0.4072011261615981
3940129253,128,iid,0.4087312433035192,0.46787018966863825,0.4677641535725787,0.4677641535725787,0.4754385477108523
2999905983,128,iid,0.3713554846950917,0.40278778531071363,0.4032178313075586,0.4032178313075586,0.4041803180905818
3457726808,128,iid,0.4521772908613333,0.44611731524544024,0.46804415703848234,0.46804415703848234,0.4609521404049741
998016390,128,iid,0.42023112251157385,0.43935589396073266,0.440354212885202,0.440354212885202,0.4424813204122488
13738905,128,iid,0.47989217109074306,0.5099364440762856,0.5243522722567776,0.5243522722567776,0.5268102771000754
4126454150,128,iid,0.45133243657443817,0.48789668282244913,0.4838960275228803,0.4838960275228803,0.48426109306447834
1506833841,128,iid,0.4953891200356073,0.5293791549354105,0.5332252347465749,0.5332252347465749,0.5352944973873709
1746301414,128,iid,0.41468627622673626,0.41689492015662133,0.43028401282922196,0.43028401282922196,0.43342127941174763
3733465784,128,iid,0.42763326672090696,0.42559998376474456,0.44281191627447036,0.44281191627447036,0.4400018043561519
1719217293,128,iid,0.4622843358802995,0.489649453605966,0.4723358086061751,0.4723358086061751,0.4646859243727123
1142202553,128,iid,0.43507235164567604,0.44572431904528703,0.4647767915191975,0.4647767915191975,0.4667472620677288
2323197139,128,iid,0.40794224072363305,0.4059013013483295,0.4248212433230465,0.4248212433230465,0.4201497020603793
3339319125,128,iid,0.3727819171854333,0.398529553131976,0.4004550993936871,0.4004550993936871,0.40525757204827406
1409347018,128,iid,0.4295260310026705,0.47179091723469563,0.4843543581143327,0.4843543581143327,0.4957365000977809
540479482,128,iid,0.4065660932097053,0.39896882509039744,0.40958404521503433,0.40958404521503433,0.41091929376348024
213242647,128,iid,0.36849632781206776,0.4213992556945875,0.4246246702714128,0.4246246702714128,0.43208403800782913
674340934,128,iid,0.41891251550479036,0.4787929047982641,0.469035816197772,0.469035816197772,0.4770345690227852
931360151,128,iid,0.4317232295888507,0.4645699390274853,0.46113927122609255,0.46113927122609255,0.4612165867371919
3232667639,128,iid,0.44241051438713064,0.4504084463496964,0.4675199545241559,0.4675199545241559,0.4659326459821098
980112288,128,iid,0.4540600852586748,0.4792556767513784,0.47955654877016507,0.47955654877016507,0.4825245062130782
2335524328,128,ood,0.5563671055447865,0.5856414029522242,0.5825462258081493,0.5825462258081493,0.5820815289691721
527833268,128,ood,0.6382792891877241,0.6480169298039011,0.6734462696120527,0.6734462696120527,0.6772557652156869
3073937466,128,ood,0.5961907098466294,0.5997578809546653,0.6104181673336248,0.6104181673336248,0.608859472846272
638419763,128,ood,0.45563448938418305,0.4486612726802661,0.5521614013423962,0.5521614013423962,0.5756063994117162
417580146,128,ood,0.3606156748632373,0.43615612794173686,0.41974885333193135,0.41974885333193135,0.4318360345903954
4245232974,128,ood,0.6797666144045732,0.7000813697073403,0.6837782513157536,0.6837782513157536,0.677354324302773
3342171372,128,ood,0.39330541120360885,0.43433463154800234,0.43499487040623425,0.43499487040623425,0.43964792722167145
2073998987,128,ood,0.5312757876952329,0.5222272797074351,0.5387639260977629,0.5387639260977629,0.5341735739272583
1087855295,128,ood,0.5558060535017852,0.5905870195879699,0.5725807457127963,0.5725807457127963,0.5656609691659163
1828035544,128,ood,0.23349570292417293,0.1888769799696702,0.1983056994432405,0.1983056994432405,0.19951785819133736
3940129253,128,ood,0.47570948020603515,0.52920608841275,0.5337950877673012,0.5337950877673012,0.5424272193380439
2999905983,128,ood,0.3386719330376825,0.35847338227411085,0.36467069112742023,0.36467069112742023,0.37100343186145107
3457726808,128,ood,0.6617324186132449,0.6426520871586505,0.6757495670455951,0.6757495670455951,0.6693465159357781
998016390,128,ood,0.46789712326009586,0.49282730165466,0.48255874173054353,0.48255874173054353,0.49128979312986076
13738905,128,ood,0.22888426966744113,0.28869157978010496,0.2924892465086787,0.2924892465086787,0.306750484668872
4126454150,128,ood,0.2851847477909384,0.331486774403165,0.33040758319288066,0.33040758319288066,0.33399077425597096
1506833841,128,ood,0.34266399087357535,0.380788521274696,0.3916319965459167,0.3916319965459167,0.396628105106068
1746301414,128,ood,0.5905524351826638,0.5912765409050821,0.5970115394240646,0.5970115394240646,0.5963147092931192
3733465784,128,ood,0.25973857917037324,0.27958824277060157,0.2819440677171978,0.2819440677171978,0.2863255515671973
1719217293,128,ood,0.37746051812082027,0.40464742735343157,0.40547199089471553,0.40547199089471553,0.40417284383775814
1142202553,128,ood,0.6561675206761806,0.6795709678553541,0.6975947901371892,0.6975947901371892,0.6979990296204246
2323197139,128,ood,0.33379543879829043,0.3390980358609743,0.3510755720092329,0.3510755720092329,0.3495799343168726
3339319125,128,ood,0.4794958546703211,0.5317706150076669,0.5283751192766318,0.5283751192766318,0.5361186856974804
1409347018,128,ood,0.5942706297322187,0.624740570255452,0.6343130440100939,0.6343130440100939,0.6436733004715167
540479482,128,ood,0.2080670168750402,0.21823190092918213,0.21495073003114723,0.21495073003114723,0.2158110816799133
213242647,128,ood,0.47686938652463934,0.5124254991294743,0.52117514951649,0.52117514951649,0.5263034227720783
674340934,128,ood,0.33327568425167536,0.4891034037267489,0.45396369307027806,0.45396369307027806,0.477605521754511
931360151,128,ood,0.6201427470763318,0.6696331506985449,0.6683534873072872,0.6683534873072872,0.6712737458368745
3232667639,128,ood,0.66240514904003,0.6786238949488796,0.6981404402576865,0.6981404402576865,0.6958831197123584
980112288,128,ood,0.5615348573948808,0.5141489872295009,0.5551479013097191,0.5551479013097191,0.5492269007831432
2335524328,512,iid,0.44625734934831957,0.481314529286942,0.49180295642795246,0.49180295642795246,0.5063961057519273
527833268,512,iid,0.4015405423206962,0.4338515896877039,0.4510374086552278,0.4510374086552278,0.4596661272490157
3073937466,512,iid,0.4806448884905016,0.49647172116421234,0.4926002727237621,0.4926002727237621,0.493313043247785
638419763,512,iid,0.37216308918656393,0.3949228925567887,0.40611606059596406,0.40611606059596406,0.4214702908410318
417580146,512,iid,0.44218913838588425,0.47943414785832444,0.46806308837002175,0.46806308837002175,0.4631781057689966
4245232974,512,iid,0.4036887533292271,0.40527260139728394,0.4127350622008765,0.4127350622008765,0.4146934874431399
3342171372,512,iid,0.4734766740142318,0.49655806403200653,0.5037237030994166,0.5037237030994166,0.5047717668309429
2073998987,512,iid,0.41646786429223104,0.44842515705762154,0.4556498806530384,0.4556498806530384,0.460662446447721
1087855295,512,iid,0.43085666328088734,0.4683608346408208,0.4530686144008084,0.4530686144008084,0.4488199196391509
1828035544,512,iid,0.4233809253226597,0.40692467728175213,0.4191302425479119,0.4191302425479119,0.4134226885650759
3940129253,512,iid,0.41639783023176946,0.42758965838712004,0.4383081492155707,0.4383081492155707,0.44461846124102566
2999905983,512,iid,0.353414827897271,0.3796449978456605,0.37732022444349445,0.37732022444349445,0.3840096981772041
3457726808,512,iid,0.4469645878984573,0.43423356112616046,0.47230174652616724,0.47230174652616724,0.4722574345948553
998016390,512,iid,0.4362139888543216,0.43054810101726626,0.4402857853002462,0.4402857853002462,0.43110263504300683
13738905,512,iid,0.4479945948984603,0.4780302610204223,0.483643409026449,0.483643409026449,0.4866530324403687
4126454150,512,iid,0.38997985231667,0.3935959706411075,0.4239859666112894,0.4239859666112894,0.42775996659778215
1506833841,512,iid,0.4849141128832021,0.5113964274902555,0.5088176658931016,0.5088176658931016,0.5077510400040564
1746301414,512,iid,0.40788531214462875,0.42702237153334033,0.43043626684645614,0.43043626684645614,0.4409426579572283
3733465784,512,iid,0.39376403955080774,0.4117233787336212,0.4141151708766757,0.4141151708766757,0.42183096503850454
1719217293,512,iid,0.4025899936954188,0.40863037942811326,0.41003738923950594,0.41003738923950594,0.4133507073588407
1142202553,512,iid,0.4476030707140378,0.4458632296764843,0.4535477105516714,0.4535477105516714,0.4483650633630285
2323197139,512,iid,0.4028020150163716,0.3863263349412528,0.40814653920443744,0.40814653920443744,0.40135627733283696
3339319125,512,iid,0.3627839944243456,0.4147081008168447,0.39260379645895943,0.39260379645895943,0.40032338837247605
1409347018,512,iid,0.41577309985651284,0.45839884930018304,0.45911432243244155,0.45911432243244155,0.46356733120751387
540479482,512,iid,0.39615618702461175,0.3963500331116979,0.3942805126524088,0.3942805126524088,0.3904623954796452
213242647,512,iid,0.4189930590078913,0.4453742728569817,0.4489808297027347,0.4489808297027347,0.45944661204903137
674340934,512,iid,0.40948766349574917,0.46489257951205565,0.45133839714386687,0.45133839714386687,0.45734419797782283
931360151,512,iid,0.433284383230571,0.4492486515413625,0.4465660140596123,0.4465660140596123,0.4467076865537682
3232667639,512,iid,0.43645698236904623,0.44301458616450945,0.45484177657818203,0.45484177657818203,0.4565568482475495
980112288,512,iid,0.46635902268359253,0.42335443220667235,0.46018672190715026,0.46018672190715026,0.4562937615457352
2335524328,512,ood,0.3870921824656172,0.4583787887887717,0.44877569436251463,0.44877569436251463,0.4741138439657413
527833268,512,ood,0.33389207869121695,0.3122670023641147,0.3457184356670796,0.3457184356670796,0.34950737132497706
3073937466,512,ood,0.6064455157692442,0.6182237279776629,0.6276152267353452,0.6276152267353452,0.6258424540311671
638419763,512,ood,0.4656734426891268,0.5302446880298812,0.546339367120158,0.546339367120158,0.563054406179071
417580146,512,ood,0.24255578107026954,0.2603243970538551,0.2585543685612367,0.2585543685612367,0.2613232173898067
4245232974,512,ood,0.6132444999567445,0.5986643448674644,0.6107501748888837,0.6107501748888837,0.609882549591472
3342171372,512,ood,0.4328035465636842,0.4557282621647769,0.4731875076001817,0.4731875076001817,0.47203752181150754
2073998987,512,ood,0.5116603944402265,0.49083906998588167,0.5116124171309148,0.5116124171309148,0.5122776046025992
1087855295,512,ood,0.44071763981286827,0.4716383971497882,0.4630601283786254,0.4630601283786254,0.4591135601305488
1828035544,512,ood,0.22521917963615196,0.20960049408717168,0.22017638349626478,0.22017638349626478,0.21502179342670108
3940129253,512,ood,0.31396142677391325,0.3416474933414032,0.34365098716707787,0.34365098716707787,0.3484987213945875
2999905983,512,ood,0.347743208849978,0.36018098875285526,0.3753227632386436,0.3753227632386436,0.39587656898092327
3457726808,512,ood,0.7258840428032871,0.7201658195527081,0.7613160358332647,0.7613160358332647,0.7657120142685432
998016390,512,ood,0.6120785289274417,0.6188801369195251,0.6285937115367943,0.6285937115367943,0.6242863187853697
13738905,512,ood,0.2783716437652547,0.3053253405594637,0.3105555190631326,0.3105555190631326,0.31093927678114675
4126454150,512,ood,0.4529598361594258,0.4492426798731235,0.5358961303715868,0.5358961303715868,0.5527042996490401
1506833841,512,ood,0.5638882576101998,0.575846315596485,0.5776496333957964,0.5776496333957964,0.5747643653788945
1746301414,512,ood,0.4165470502940244,0.4566911165730649,0.43153158888911036,0.43153158888911036,0.4424442919808659
3733465784,512,ood,0.26774076880219344,0.27458662133522527,0.2788007040038604,0.2788007040038604,0.2901368097541863
1719217293,512,ood,0.3668260238825076,0.37948940956686417,0.3574610658560765,0.3574610658560765,0.36589317235180596
1142202553,512,ood,0.6670680942359644,0.6881198993314191,0.6920119121119009,0.6920119121119009,0.6919842941568094
2323197139,512,ood,0.28802823397864075,0.2818277661942822,0.29796693746478087,0.29796693746478087,0.29624008839274163
3339319125,512,ood,0.36221426132633805,0.37564767501825314,0.3737326839730739,0.3737326839730739,0.37813578155025296
1409347018,512,ood,0.30969257181459453,0.36465679196925016,0.36468778436824806,0.36468778436824806,0.37152219012680676
540479482,512,ood,0.2898702765304911,0.3020974045237639,0.29092460749956534,0.29092460749956534,0.28701908695832823
213242647,512,ood,0.31695513817333637,0.3798079362009712,0.3847396154221172,0.3847396154221172,0.3967717525328278
674340934,512,ood,0.39744129546310275,0.5128077435663374,0.45183088553216,0.45183088553216,0.46668336632157775
931360151,512,ood,0.5836345865147623,0.5951206612562987,0.5924092117420433,0.5924092117420433,0.5929510491467433
3232667639,512,ood,0.6160092092891224,0.6096762975202494,0.6285180041945162,0.6285180041945162,0.627540950920767
980112288,512,ood,0.2923232698662367,0.2384222791151025,0.2523516657918828,0.2523516657918828,0.23976219171473528
