seed_block,condition,arm,mean_observation_variance,mean_posterior_variance
0,NO_REVERSAL,ACRKN_ACTION_ONLY,0.3666110634803772,0.800901472568512
0,NO_REVERSAL,ACRKN_REALIZED_STATE,0.3668527901172638,0.823716402053833
0,NO_REVERSAL,ACRKN_REVERSAL_REVEALED,0.3634597361087799,0.8105312585830688
0,HIDDEN_REVERSAL,ACRKN_ACTION_ONLY,0.3666110634803772,0.800901472568512
0,HIDDEN_REVERSAL,ACRKN_REALIZED_STATE,0.3668527901172638,0.823716402053833
0,HIDDEN_REVERSAL,ACRKN_REVERSAL_REVEALED,0.3634597361087799,0.8105312585830688
0,REVEALED_REVERSAL,ACRKN_ACTION_ONLY,0.3666110634803772,0.800901472568512
0,REVEALED_REVERSAL,ACRKN_REALIZED_STATE,0.3668527901172638,0.823716402053833
0,REVEALED_REVERSAL,ACRKN_REVERSAL_REVEALED,0.3634597361087799,0.8105312585830688
1,NO_REVERSAL,ACRKN_ACTION_ONLY,0.35227203369140625,0.8835815191268921
1,NO_REVERSAL,ACRKN_REALIZED_STATE,0.35349276661872864,0.9097926616668701
1,NO_REVERSAL,ACRKN_REVERSAL_REVEALED,0.3547569811344147,0.9192056059837341
1,HIDDEN_REVERSAL,ACRKN_ACTION_ONLY,0.35227203369140625,0.8835815191268921
1,HIDDEN_REVERSAL,ACRKN_REALIZED_STATE,0.35349276661872864,0.9097926616668701
1,HIDDEN_REVERSAL,ACRKN_REVERSAL_REVEALED,0.3547569811344147,0.9192056059837341
1,REVEALED_REVERSAL,ACRKN_ACTION_ONLY,0.35227203369140625,0.8835815191268921
1,REVEALED_REVERSAL,ACRKN_REALIZED_STATE,0.35349276661872864,0.9097926616668701
1,REVEALED_REVERSAL,ACRKN_REVERSAL_REVEALED,0.3547569811344147,0.9192056059837341
2,NO_REVERSAL,ACRKN_ACTION_ONLY,0.34995636343955994,0.983116865158081
2,NO_REVERSAL,ACRKN_REALIZED_STATE,0.35109713673591614,0.9176266193389893
2,NO_REVERSAL,ACRKN_REVERSAL_REVEALED,0.3449796140193939,0.9397067427635193
2,HIDDEN_REVERSAL,ACRKN_ACTION_ONLY,0.34995636343955994,0.983116865158081
2,HIDDEN_REVERSAL,ACRKN_REALIZED_STATE,0.35109713673591614,0.9176266193389893
2,HIDDEN_REVERSAL,ACRKN_REVERSAL_REVEALED,0.3449796140193939,0.9397067427635193
2,REVEALED_REVERSAL,ACRKN_ACTION_ONLY,0.34995636343955994,0.983116865158081
2,REVEALED_REVERSAL,ACRKN_REALIZED_STATE,0.35109713673591614,0.9176266193389893
2,REVEALED_REVERSAL,ACRKN_REVERSAL_REVEALED,0.3449796140193939,0.9397067427635193
3,NO_REVERSAL,ACRKN_ACTION_ONLY,0.3809140920639038,2.7539851665496826
3,NO_REVERSAL,ACRKN_REALIZED_STATE,0.39057767391204834,1.9003949165344238
3,NO_REVERSAL,ACRKN_REVERSAL_REVEALED,0.39505627751350403,1.7123929262161255
3,HIDDEN_REVERSAL,ACRKN_ACTION_ONLY,0.3809140920639038,2.7539851665496826
3,HIDDEN_REVERSAL,ACRKN_REALIZED_STATE,0.39057767391204834,1.9003949165344238
3,HIDDEN_REVERSAL,ACRKN_REVERSAL_REVEALED,0.39505627751350403,1.7123929262161255
3,REVEALED_REVERSAL,ACRKN_ACTION_ONLY,0.3809140920639038,2.7539851665496826
3,REVEALED_REVERSAL,ACRKN_REALIZED_STATE,0.39057767391204834,1.9003949165344238
3,REVEALED_REVERSAL,ACRKN_REVERSAL_REVEALED,0.39505627751350403,1.7123929262161255
4,NO_REVERSAL,ACRKN_ACTION_ONLY,0.36448854207992554,1.4343637228012085
4,NO_REVERSAL,ACRKN_REALIZED_STATE,0.3697828948497772,1.2252908945083618
4,NO_REVERSAL,ACRKN_REVERSAL_REVEALED,0.3694382905960083,1.2617504596710205
4,HIDDEN_REVERSAL,ACRKN_ACTION_ONLY,0.36448854207992554,1.4343637228012085
4,HIDDEN_REVERSAL,ACRKN_REALIZED_STATE,0.3697828948497772,1.2252908945083618
4,HIDDEN_REVERSAL,ACRKN_REVERSAL_REVEALED,0.3694382905960083,1.2617504596710205
4,REVEALED_REVERSAL,ACRKN_ACTION_ONLY,0.36448854207992554,1.4343637228012085
4,REVEALED_REVERSAL,ACRKN_REALIZED_STATE,0.3697828948497772,1.2252908945083618
4,REVEALED_REVERSAL,ACRKN_REVERSAL_REVEALED,0.3694382905960083,1.2617504596710205
5,NO_REVERSAL,ACRKN_ACTION_ONLY,0.37996596097946167,1.2768350839614868
5,NO_REVERSAL,ACRKN_REALIZED_STATE,0.37655720114707947,1.226609230041504
5,NO_REVERSAL,ACRKN_REVERSAL_REVEALED,0.37304842472076416,1.3603707551956177
5,HIDDEN_REVERSAL,ACRKN_ACTION_ONLY,0.37996596097946167,1.2768350839614868
5,HIDDEN_REVERSAL,ACRKN_REALIZED_STATE,0.37655720114707947,1.226609230041504
5,HIDDEN_REVERSAL,ACRKN_REVERSAL_REVEALED,0.37304842472076416,1.3603707551956177
5,REVEALED_REVERSAL,ACRKN_ACTION_ONLY,0.37996596097946167,1.2768350839614868
5,REVEALED_REVERSAL,ACRKN_REALIZED_STATE,0.37655720114707947,1.226609230041504
5,REVEALED_REVERSAL,ACRKN_REVERSAL_REVEALED,0.37304842472076416,1.3603707551956177
6,NO_REVERSAL,ACRKN_ACTION_ONLY,0.3458762466907501,0.908639669418335
6,NO_REVERSAL,ACRKN_REALIZED_STATE,0.3586203157901764,0.86643385887146
6,NO_REVERSAL,ACRKN_REVERSAL_REVEALED,0.3579064905643463,0.8621234893798828
6,HIDDEN_REVERSAL,ACRKN_ACTION_ONLY,0.3458762466907501,0.908639669418335
6,HIDDEN_REVERSAL,ACRKN_REALIZED_STATE,0.3586203157901764,0.86643385887146
6,HIDDEN_REVERSAL,ACRKN_REVERSAL_REVEALED,0.3579064905643463,0.8621234893798828
6,REVEALED_REVERSAL,ACRKN_ACTION_ONLY,0.3458762466907501,0.908639669418335
6,REVEALED_REVERSAL,ACRKN_REALIZED_STATE,0.3586203157901764,0.86643385887146
6,REVEALED_REVERSAL,ACRKN_REVERSAL_REVEALED,0.3579064905643463,0.8621234893798828
7,NO_REVERSAL,ACRKN_ACTION_ONLY,0.3575263023376465,1.035259485244751
7,NO_REVERSAL,ACRKN_REALIZED_STATE,0.3586035370826721,1.1214511394500732
7,NO_REVERSAL,ACRKN_REVERSAL_REVEALED,0.3572082817554474,1.0655977725982666
7,HIDDEN_REVERSAL,ACRKN_ACTION_ONLY,0.3575263023376465,1.035259485244751
7,HIDDEN_REVERSAL,ACRKN_REALIZED_STATE,0.3586035370826721,1.1214511394500732
7,HIDDEN_REVERSAL,ACRKN_REVERSAL_REVEALED,0.3572082817554474,1.0655977725982666
7,REVEALED_REVERSAL,ACRKN_ACTION_ONLY,0.3575263023376465,1.035259485244751
7,REVEALED_REVERSAL,ACRKN_REALIZED_STATE,0.3586035370826721,1.1214511394500732
7,REVEALED_REVERSAL,ACRKN_REVERSAL_REVEALED,0.3572082817554474,1.0655977725982666
8,NO_REVERSAL,ACRKN_ACTION_ONLY,0.37584206461906433,1.0507895946502686
8,NO_REVERSAL,ACRKN_REALIZED_STATE,0.3617963492870331,0.8838098049163818
8,NO_REVERSAL,ACRKN_REVERSAL_REVEALED,0.3761805295944214,0.8754618167877197
8,HIDDEN_REVERSAL,ACRKN_ACTION_ONLY,0.37584206461906433,1.0507895946502686
8,HIDDEN_REVERSAL,ACRKN_REALIZED_STATE,0.3617963492870331,0.8838098049163818
8,HIDDEN_REVERSAL,ACRKN_REVERSAL_REVEALED,0.3761805295944214,0.8754618167877197
8,REVEALED_REVERSAL,ACRKN_ACTION_ONLY,0.37584206461906433,1.0507895946502686
8,REVEALED_REVERSAL,ACRKN_REALIZED_STATE,0.3617963492870331,0.8838098049163818
8,REVEALED_REVERSAL,ACRKN_REVERSAL_REVEALED,0.3761805295944214,0.8754618167877197
9,NO_REVERSAL,ACRKN_ACTION_ONLY,0.39600375294685364,1.0317755937576294
9,NO_REVERSAL,ACRKN_REALIZED_STATE,0.398677796125412,1.0270823240280151
9,NO_REVERSAL,ACRKN_REVERSAL_REVEALED,0.3987679183483124,1.026775598526001
9,HIDDEN_REVERSAL,ACRKN_ACTION_ONLY,0.39600375294685364,1.0317755937576294
9,HIDDEN_REVERSAL,ACRKN_REALIZED_STATE,0.398677796125412,1.0270823240280151
9,HIDDEN_REVERSAL,ACRKN_REVERSAL_REVEALED,0.3987679183483124,1.026775598526001
9,REVEALED_REVERSAL,ACRKN_ACTION_ONLY,0.39600375294685364,1.0317755937576294
9,REVEALED_REVERSAL,ACRKN_REALIZED_STATE,0.398677796125412,1.0270823240280151
9,REVEALED_REVERSAL,ACRKN_REVERSAL_REVEALED,0.3987679183483124,1.026775598526001
10,NO_REVERSAL,ACRKN_ACTION_ONLY,0.35947877168655396,1.0627747774124146
10,NO_REVERSAL,ACRKN_REALIZED_STATE,0.3618977963924408,0.9559099674224854
10,NO_REVERSAL,ACRKN_REVERSAL_REVEALED,0.3635004162788391,1.0027353763580322
10,HIDDEN_REVERSAL,ACRKN_ACTION_ONLY,0.35947877168655396,1.0627747774124146
10,HIDDEN_REVERSAL,ACRKN_REALIZED_STATE,0.3618977963924408,0.9559099674224854
10,HIDDEN_REVERSAL,ACRKN_REVERSAL_REVEALED,0.3635004162788391,1.0027353763580322
10,REVEALED_REVERSAL,ACRKN_ACTION_ONLY,0.35947877168655396,1.0627747774124146
10,REVEALED_REVERSAL,ACRKN_REALIZED_STATE,0.3618977963924408,0.9559099674224854
10,REVEALED_REVERSAL,ACRKN_REVERSAL_REVEALED,0.3635004162788391,1.0027353763580322
11,NO_REVERSAL,ACRKN_ACTION_ONLY,0.3483622968196869,1.0385771989822388
11,NO_REVERSAL,ACRKN_REALIZED_STATE,0.3542989194393158,0.9396446347236633
11,NO_REVERSAL,ACRKN_REVERSAL_REVEALED,0.3561125099658966,0.9991198182106018
11,HIDDEN_REVERSAL,ACRKN_ACTION_ONLY,0.3483622968196869,1.0385771989822388
11,HIDDEN_REVERSAL,ACRKN_REALIZED_STATE,0.3542989194393158,0.9396446347236633
11,HIDDEN_REVERSAL,ACRKN_REVERSAL_REVEALED,0.3561125099658966,0.9991198182106018
11,REVEALED_REVERSAL,ACRKN_ACTION_ONLY,0.3483622968196869,1.0385771989822388
11,REVEALED_REVERSAL,ACRKN_REALIZED_STATE,0.3542989194393158,0.9396446347236633
11,REVEALED_REVERSAL,ACRKN_REVERSAL_REVEALED,0.3561125099658966,0.9991198182106018
12,NO_REVERSAL,ACRKN_ACTION_ONLY,0.3763580620288849,1.1627111434936523
12,NO_REVERSAL,ACRKN_REALIZED_STATE,0.3763299584388733,1.0742180347442627
12,NO_REVERSAL,ACRKN_REVERSAL_REVEALED,0.38109061121940613,1.156191110610962
12,HIDDEN_REVERSAL,ACRKN_ACTION_ONLY,0.3763580620288849,1.1627111434936523
12,HIDDEN_REVERSAL,ACRKN_REALIZED_STATE,0.3763299584388733,1.0742180347442627
12,HIDDEN_REVERSAL,ACRKN_REVERSAL_REVEALED,0.38109061121940613,1.156191110610962
12,REVEALED_REVERSAL,ACRKN_ACTION_ONLY,0.3763580620288849,1.1627111434936523
12,REVEALED_REVERSAL,ACRKN_REALIZED_STATE,0.3763299584388733,1.0742180347442627
12,REVEALED_REVERSAL,ACRKN_REVERSAL_REVEALED,0.38109061121940613,1.156191110610962
13,NO_REVERSAL,ACRKN_ACTION_ONLY,0.3712191581726074,1.178893804550171
13,NO_REVERSAL,ACRKN_REALIZED_STATE,0.3771918714046478,1.1507441997528076
13,NO_REVERSAL,ACRKN_REVERSAL_REVEALED,0.37617337703704834,1.0641615390777588
13,HIDDEN_REVERSAL,ACRKN_ACTION_ONLY,0.3712191581726074,1.178893804550171
13,HIDDEN_REVERSAL,ACRKN_REALIZED_STATE,0.3771918714046478,1.1507441997528076
13,HIDDEN_REVERSAL,ACRKN_REVERSAL_REVEALED,0.37617337703704834,1.0641615390777588
13,REVEALED_REVERSAL,ACRKN_ACTION_ONLY,0.3712191581726074,1.178893804550171
13,REVEALED_REVERSAL,ACRKN_REALIZED_STATE,0.3771918714046478,1.1507441997528076
13,REVEALED_REVERSAL,ACRKN_REVERSAL_REVEALED,0.37617337703704834,1.0641615390777588
14,NO_REVERSAL,ACRKN_ACTION_ONLY,0.36887168884277344,0.8740376830101013
14,NO_REVERSAL,ACRKN_REALIZED_STATE,0.37468525767326355,0.8873175978660583
14,NO_REVERSAL,ACRKN_REVERSAL_REVEALED,0.3676128387451172,0.9164161682128906
14,HIDDEN_REVERSAL,ACRKN_ACTION_ONLY,0.36887168884277344,0.8740376830101013
14,HIDDEN_REVERSAL,ACRKN_REALIZED_STATE,0.37468525767326355,0.8873175978660583
14,HIDDEN_REVERSAL,ACRKN_REVERSAL_REVEALED,0.3676128387451172,0.9164161682128906
14,REVEALED_REVERSAL,ACRKN_ACTION_ONLY,0.36887168884277344,0.8740376830101013
14,REVEALED_REVERSAL,ACRKN_REALIZED_STATE,0.37468525767326355,0.8873175978660583
14,REVEALED_REVERSAL,ACRKN_REVERSAL_REVEALED,0.3676128387451172,0.9164161682128906
15,NO_REVERSAL,ACRKN_ACTION_ONLY,0.3734727203845978,0.927949845790863
15,NO_REVERSAL,ACRKN_REALIZED_STATE,0.3784465491771698,0.912506103515625
15,NO_REVERSAL,ACRKN_REVERSAL_REVEALED,0.3775152564048767,0.9004516005516052
15,HIDDEN_REVERSAL,ACRKN_ACTION_ONLY,0.3734727203845978,0.927949845790863
15,HIDDEN_REVERSAL,ACRKN_REALIZED_STATE,0.3784465491771698,0.912506103515625
15,HIDDEN_REVERSAL,ACRKN_REVERSAL_REVEALED,0.3775152564048767,0.9004516005516052
15,REVEALED_REVERSAL,ACRKN_ACTION_ONLY,0.3734727203845978,0.927949845790863
15,REVEALED_REVERSAL,ACRKN_REALIZED_STATE,0.3784465491771698,0.912506103515625
15,REVEALED_REVERSAL,ACRKN_REVERSAL_REVEALED,0.3775152564048767,0.9004516005516052
16,NO_REVERSAL,ACRKN_ACTION_ONLY,0.3535466492176056,1.2694493532180786
16,NO_REVERSAL,ACRKN_REALIZED_STATE,0.3686985373497009,1.102835774421692
16,NO_REVERSAL,ACRKN_REVERSAL_REVEALED,0.36496788263320923,0.9744932055473328
16,HIDDEN_REVERSAL,ACRKN_ACTION_ONLY,0.3535466492176056,1.2694493532180786
16,HIDDEN_REVERSAL,ACRKN_REALIZED_STATE,0.3686985373497009,1.102835774421692
16,HIDDEN_REVERSAL,ACRKN_REVERSAL_REVEALED,0.36496788263320923,0.9744932055473328
16,REVEALED_REVERSAL,ACRKN_ACTION_ONLY,0.3535466492176056,1.2694493532180786
16,REVEALED_REVERSAL,ACRKN_REALIZED_STATE,0.3686985373497009,1.102835774421692
16,REVEALED_REVERSAL,ACRKN_REVERSAL_REVEALED,0.36496788263320923,0.9744932055473328
17,NO_REVERSAL,ACRKN_ACTION_ONLY,0.3403501808643341,1.563067078590393
17,NO_REVERSAL,ACRKN_REALIZED_STATE,0.34746071696281433,1.6446932554244995
17,NO_REVERSAL,ACRKN_REVERSAL_REVEALED,0.3455902636051178,1.6578367948532104
17,HIDDEN_REVERSAL,ACRKN_ACTION_ONLY,0.3403501808643341,1.563067078590393
17,HIDDEN_REVERSAL,ACRKN_REALIZED_STATE,0.34746071696281433,1.6446932554244995
17,HIDDEN_REVERSAL,ACRKN_REVERSAL_REVEALED,0.3455902636051178,1.6578367948532104
17,REVEALED_REVERSAL,ACRKN_ACTION_ONLY,0.3403501808643341,1.563067078590393
17,REVEALED_REVERSAL,ACRKN_REALIZED_STATE,0.34746071696281433,1.6446932554244995
17,REVEALED_REVERSAL,ACRKN_REVERSAL_REVEALED,0.3455902636051178,1.6578367948532104
18,NO_REVERSAL,ACRKN_ACTION_ONLY,0.34625211358070374,1.1333472728729248
18,NO_REVERSAL,ACRKN_REALIZED_STATE,0.3583747446537018,1.0285805463790894
18,NO_REVERSAL,ACRKN_REVERSAL_REVEALED,0.3447556495666504,0.9966223239898682
18,HIDDEN_REVERSAL,ACRKN_ACTION_ONLY,0.34625211358070374,1.1333472728729248
18,HIDDEN_REVERSAL,ACRKN_REALIZED_STATE,0.3583747446537018,1.0285805463790894
18,HIDDEN_REVERSAL,ACRKN_REVERSAL_REVEALED,0.3447556495666504,0.9966223239898682
18,REVEALED_REVERSAL,ACRKN_ACTION_ONLY,0.34625211358070374,1.1333472728729248
18,REVEALED_REVERSAL,ACRKN_REALIZED_STATE,0.3583747446537018,1.0285805463790894
18,REVEALED_REVERSAL,ACRKN_REVERSAL_REVEALED,0.3447556495666504,0.9966223239898682
19,NO_REVERSAL,ACRKN_ACTION_ONLY,0.36142298579216003,0.9960377216339111
19,NO_REVERSAL,ACRKN_REALIZED_STATE,0.3739711046218872,1.298614263534546
19,NO_REVERSAL,ACRKN_REVERSAL_REVEALED,0.364327073097229,1.3561033010482788
19,HIDDEN_REVERSAL,ACRKN_ACTION_ONLY,0.36142298579216003,0.9960377216339111
19,HIDDEN_REVERSAL,ACRKN_REALIZED_STATE,0.3739711046218872,1.298614263534546
19,HIDDEN_REVERSAL,ACRKN_REVERSAL_REVEALED,0.364327073097229,1.3561033010482788
19,REVEALED_REVERSAL,ACRKN_ACTION_ONLY,0.36142298579216003,0.9960377216339111
19,REVEALED_REVERSAL,ACRKN_REALIZED_STATE,0.3739711046218872,1.298614263534546
19,REVEALED_REVERSAL,ACRKN_REVERSAL_REVEALED,0.364327073097229,1.3561033010482788
20,NO_REVERSAL,ACRKN_ACTION_ONLY,0.36316075921058655,0.766840934753418
20,NO_REVERSAL,ACRKN_REALIZED_STATE,0.36176761984825134,0.8273159265518188
20,NO_REVERSAL,ACRKN_REVERSAL_REVEALED,0.3636466860771179,0.8209164142608643
20,HIDDEN_REVERSAL,ACRKN_ACTION_ONLY,0.36316075921058655,0.766840934753418
20,HIDDEN_REVERSAL,ACRKN_REALIZED_STATE,0.36176761984825134,0.8273159265518188
20,HIDDEN_REVERSAL,ACRKN_REVERSAL_REVEALED,0.3636466860771179,0.8209164142608643
20,REVEALED_REVERSAL,ACRKN_ACTION_ONLY,0.36316075921058655,0.766840934753418
20,REVEALED_REVERSAL,ACRKN_REALIZED_STATE,0.36176761984825134,0.8273159265518188
20,REVEALED_REVERSAL,ACRKN_REVERSAL_REVEALED,0.3636466860771179,0.8209164142608643
21,NO_REVERSAL,ACRKN_ACTION_ONLY,0.37063077092170715,1.5521929264068604
21,NO_REVERSAL,ACRKN_REALIZED_STATE,0.3691820800304413,1.659816026687622
21,NO_REVERSAL,ACRKN_REVERSAL_REVEALED,0.37366577982902527,1.3967393636703491
21,HIDDEN_REVERSAL,ACRKN_ACTION_ONLY,0.37063077092170715,1.5521929264068604
21,HIDDEN_REVERSAL,ACRKN_REALIZED_STATE,0.3691820800304413,1.659816026687622
21,HIDDEN_REVERSAL,ACRKN_REVERSAL_REVEALED,0.37366577982902527,1.3967393636703491
21,REVEALED_REVERSAL,ACRKN_ACTION_ONLY,0.37063077092170715,1.5521929264068604
21,REVEALED_REVERSAL,ACRKN_REALIZED_STATE,0.3691820800304413,1.659816026687622
21,REVEALED_REVERSAL,ACRKN_REVERSAL_REVEALED,0.37366577982902527,1.3967393636703491
22,NO_REVERSAL,ACRKN_ACTION_ONLY,0.3534027636051178,0.9111632704734802
22,NO_REVERSAL,ACRKN_REALIZED_STATE,0.36968091130256653,0.8576784133911133
22,NO_REVERSAL,ACRKN_REVERSAL_REVEALED,0.3543349802494049,0.8938167095184326
22,HIDDEN_REVERSAL,ACRKN_ACTION_ONLY,0.3534027636051178,0.9111632704734802
22,HIDDEN_REVERSAL,ACRKN_REALIZED_STATE,0.36968091130256653,0.8576784133911133
22,HIDDEN_REVERSAL,ACRKN_REVERSAL_REVEALED,0.3543349802494049,0.8938167095184326
22,REVEALED_REVERSAL,ACRKN_ACTION_ONLY,0.3534027636051178,0.9111632704734802
22,REVEALED_REVERSAL,ACRKN_REALIZED_STATE,0.36968091130256653,0.8576784133911133
22,REVEALED_REVERSAL,ACRKN_REVERSAL_REVEALED,0.3543349802494049,0.8938167095184326
23,NO_REVERSAL,ACRKN_ACTION_ONLY,0.3555311858654022,1.2577784061431885
23,NO_REVERSAL,ACRKN_REALIZED_STATE,0.359375,1.3336786031723022
23,NO_REVERSAL,ACRKN_REVERSAL_REVEALED,0.355236679315567,1.4723204374313354
23,HIDDEN_REVERSAL,ACRKN_ACTION_ONLY,0.3555311858654022,1.2577784061431885
23,HIDDEN_REVERSAL,ACRKN_REALIZED_STATE,0.359375,1.3336786031723022
23,HIDDEN_REVERSAL,ACRKN_REVERSAL_REVEALED,0.355236679315567,1.4723204374313354
23,REVEALED_REVERSAL,ACRKN_ACTION_ONLY,0.3555311858654022,1.2577784061431885
23,REVEALED_REVERSAL,ACRKN_REALIZED_STATE,0.359375,1.3336786031723022
23,REVEALED_REVERSAL,ACRKN_REVERSAL_REVEALED,0.355236679315567,1.4723204374313354
24,NO_REVERSAL,ACRKN_ACTION_ONLY,0.36823827028274536,0.9019812941551208
24,NO_REVERSAL,ACRKN_REALIZED_STATE,0.3715559244155884,0.8207358717918396
24,NO_REVERSAL,ACRKN_REVERSAL_REVEALED,0.37416645884513855,0.8677375316619873
24,HIDDEN_REVERSAL,ACRKN_ACTION_ONLY,0.36823827028274536,0.9019812941551208
24,HIDDEN_REVERSAL,ACRKN_REALIZED_STATE,0.3715559244155884,0.8207358717918396
24,HIDDEN_REVERSAL,ACRKN_REVERSAL_REVEALED,0.37416645884513855,0.8677375316619873
24,REVEALED_REVERSAL,ACRKN_ACTION_ONLY,0.36823827028274536,0.9019812941551208
24,REVEALED_REVERSAL,ACRKN_REALIZED_STATE,0.3715559244155884,0.8207358717918396
24,REVEALED_REVERSAL,ACRKN_REVERSAL_REVEALED,0.37416645884513855,0.8677375316619873
25,NO_REVERSAL,ACRKN_ACTION_ONLY,0.3733801543712616,0.9868449568748474
25,NO_REVERSAL,ACRKN_REALIZED_STATE,0.3811036944389343,0.961991548538208
25,NO_REVERSAL,ACRKN_REVERSAL_REVEALED,0.3770502805709839,1.0134247541427612
25,HIDDEN_REVERSAL,ACRKN_ACTION_ONLY,0.3733801543712616,0.9868449568748474
25,HIDDEN_REVERSAL,ACRKN_REALIZED_STATE,0.3811036944389343,0.961991548538208
25,HIDDEN_REVERSAL,ACRKN_REVERSAL_REVEALED,0.3770502805709839,1.0134247541427612
25,REVEALED_REVERSAL,ACRKN_ACTION_ONLY,0.3733801543712616,0.9868449568748474
25,REVEALED_REVERSAL,ACRKN_REALIZED_STATE,0.3811036944389343,0.961991548538208
25,REVEALED_REVERSAL,ACRKN_REVERSAL_REVEALED,0.3770502805709839,1.0134247541427612
26,NO_REVERSAL,ACRKN_ACTION_ONLY,0.34574636816978455,1.1256206035614014
26,NO_REVERSAL,ACRKN_REALIZED_STATE,0.34717509150505066,1.03487229347229
26,NO_REVERSAL,ACRKN_REVERSAL_REVEALED,0.35300412774086,1.0656588077545166
26,HIDDEN_REVERSAL,ACRKN_ACTION_ONLY,0.34574636816978455,1.1256206035614014
26,HIDDEN_REVERSAL,ACRKN_REALIZED_STATE,0.34717509150505066,1.03487229347229
26,HIDDEN_REVERSAL,ACRKN_REVERSAL_REVEALED,0.35300412774086,1.0656588077545166
26,REVEALED_REVERSAL,ACRKN_ACTION_ONLY,0.34574636816978455,1.1256206035614014
26,REVEALED_REVERSAL,ACRKN_REALIZED_STATE,0.34717509150505066,1.03487229347229
26,REVEALED_REVERSAL,ACRKN_REVERSAL_REVEALED,0.35300412774086,1.0656588077545166
27,NO_REVERSAL,ACRKN_ACTION_ONLY,0.36067530512809753,1.7921751737594604
27,NO_REVERSAL,ACRKN_REALIZED_STATE,0.36666837334632874,1.4657057523727417
27,NO_REVERSAL,ACRKN_REVERSAL_REVEALED,0.36438801884651184,1.3915690183639526
27,HIDDEN_REVERSAL,ACRKN_ACTION_ONLY,0.36067530512809753,1.7921751737594604
27,HIDDEN_REVERSAL,ACRKN_REALIZED_STATE,0.36666837334632874,1.4657057523727417
27,HIDDEN_REVERSAL,ACRKN_REVERSAL_REVEALED,0.36438801884651184,1.3915690183639526
27,REVEALED_REVERSAL,ACRKN_ACTION_ONLY,0.36067530512809753,1.7921751737594604
27,REVEALED_REVERSAL,ACRKN_REALIZED_STATE,0.36666837334632874,1.4657057523727417
27,REVEALED_REVERSAL,ACRKN_REVERSAL_REVEALED,0.36438801884651184,1.3915690183639526
28,NO_REVERSAL,ACRKN_ACTION_ONLY,0.3500232994556427,1.1544866561889648
28,NO_REVERSAL,ACRKN_REALIZED_STATE,0.36177000403404236,1.0643999576568604
28,NO_REVERSAL,ACRKN_REVERSAL_REVEALED,0.35849711298942566,1.0204906463623047
28,HIDDEN_REVERSAL,ACRKN_ACTION_ONLY,0.3500232994556427,1.1544866561889648
28,HIDDEN_REVERSAL,ACRKN_REALIZED_STATE,0.36177000403404236,1.0643999576568604
28,HIDDEN_REVERSAL,ACRKN_REVERSAL_REVEALED,0.35849711298942566,1.0204906463623047
28,REVEALED_REVERSAL,ACRKN_ACTION_ONLY,0.3500232994556427,1.1544866561889648
28,REVEALED_REVERSAL,ACRKN_REALIZED_STATE,0.36177000403404236,1.0643999576568604
28,REVEALED_REVERSAL,ACRKN_REVERSAL_REVEALED,0.35849711298942566,1.0204906463623047
29,NO_REVERSAL,ACRKN_ACTION_ONLY,0.3490200638771057,0.9790783524513245
29,NO_REVERSAL,ACRKN_REALIZED_STATE,0.366401731967926,0.8924386501312256
29,NO_REVERSAL,ACRKN_REVERSAL_REVEALED,0.3550499379634857,0.9540717601776123
29,HIDDEN_REVERSAL,ACRKN_ACTION_ONLY,0.3490200638771057,0.9790783524513245
29,HIDDEN_REVERSAL,ACRKN_REALIZED_STATE,0.366401731967926,0.8924386501312256
29,HIDDEN_REVERSAL,ACRKN_REVERSAL_REVEALED,0.3550499379634857,0.9540717601776123
29,REVEALED_REVERSAL,ACRKN_ACTION_ONLY,0.3490200638771057,0.9790783524513245
29,REVEALED_REVERSAL,ACRKN_REALIZED_STATE,0.366401731967926,0.8924386501312256
29,REVEALED_REVERSAL,ACRKN_REVERSAL_REVEALED,0.3550499379634857,0.9540717601776123
30,NO_REVERSAL,ACRKN_ACTION_ONLY,0.35610562562942505,0.8431539535522461
30,NO_REVERSAL,ACRKN_REALIZED_STATE,0.36046549677848816,0.9434767365455627
30,NO_REVERSAL,ACRKN_REVERSAL_REVEALED,0.3593938946723938,1.025924563407898
30,HIDDEN_REVERSAL,ACRKN_ACTION_ONLY,0.35610562562942505,0.8431539535522461
30,HIDDEN_REVERSAL,ACRKN_REALIZED_STATE,0.36046549677848816,0.9434767365455627
30,HIDDEN_REVERSAL,ACRKN_REVERSAL_REVEALED,0.3593938946723938,1.025924563407898
30,REVEALED_REVERSAL,ACRKN_ACTION_ONLY,0.35610562562942505,0.8431539535522461
30,REVEALED_REVERSAL,ACRKN_REALIZED_STATE,0.36046549677848816,0.9434767365455627
30,REVEALED_REVERSAL,ACRKN_REVERSAL_REVEALED,0.3593938946723938,1.025924563407898
31,NO_REVERSAL,ACRKN_ACTION_ONLY,0.3991360366344452,1.245948076248169
31,NO_REVERSAL,ACRKN_REALIZED_STATE,0.4025155305862427,1.2368524074554443
31,NO_REVERSAL,ACRKN_REVERSAL_REVEALED,0.4018781781196594,1.2135792970657349
31,HIDDEN_REVERSAL,ACRKN_ACTION_ONLY,0.3991360366344452,1.245948076248169
31,HIDDEN_REVERSAL,ACRKN_REALIZED_STATE,0.4025155305862427,1.2368524074554443
31,HIDDEN_REVERSAL,ACRKN_REVERSAL_REVEALED,0.4018781781196594,1.2135792970657349
31,REVEALED_REVERSAL,ACRKN_ACTION_ONLY,0.3991360366344452,1.245948076248169
31,REVEALED_REVERSAL,ACRKN_REALIZED_STATE,0.4025155305862427,1.2368524074554443
31,REVEALED_REVERSAL,ACRKN_REVERSAL_REVEALED,0.4018781781196594,1.2135792970657349
