seed_block,condition,evaluation_seed,particle_count,kp,kd,mean_tracking_mse,mean_ess,mean_ess_fraction,resample_fraction,inference_seconds
0,NO_REVERSAL,31000000,64,1.2,0.15,0.7036278117075967,43.44448980073212,0.6788201531364394,0.261962890625,0.04064558399999996
0,NO_REVERSAL,31000000,128,1.2,0.15,0.6934528904234041,86.58581327549274,0.676451666214787,0.26220703125,0.05024112499999944
0,NO_REVERSAL,31000000,256,1.2,0.15,0.6781420881716875,175.15321865763246,0.6841922603813768,0.2630615234375,0.0683735409999997
0,HIDDEN_REVERSAL,31001000,64,1.2,0.15,1.260818168482849,40.70195967070929,0.6359681198548327,0.3465576171875,0.04791066700000002
0,HIDDEN_REVERSAL,31001000,128,1.2,0.15,1.2466670921295893,81.28716736674404,0.6350559950526878,0.3453369140625,0.05720854200000147
0,HIDDEN_REVERSAL,31001000,256,1.2,0.15,1.2577535357001879,162.0955646899925,0.6331857995702832,0.3446044921875,0.07508491600000156
0,REVEALED_REVERSAL,31001000,64,1.2,0.15,1.2721456195993222,42.6850167849888,0.66695338726545,0.2750244140625,0.040749707999999885
0,REVEALED_REVERSAL,31001000,128,1.2,0.15,1.209803529039952,85.81937722180868,0.6704638845453803,0.2752685546875,0.049168292000000946
0,REVEALED_REVERSAL,31001000,256,1.2,0.15,1.2304302600420054,169.8780548002243,0.6635861515633762,0.2738037109375,0.06254491700000031
1,NO_REVERSAL,31010000,64,1.2,0.15,0.623870702504837,43.74182931700906,0.6834660830782666,0.254150390625,0.039658250000002226
1,NO_REVERSAL,31010000,128,1.2,0.15,0.663464458995595,86.97904758716628,0.6795238092747365,0.25439453125,0.04951462500000048
1,NO_REVERSAL,31010000,256,1.2,0.15,0.6512919320132988,173.4661693827093,0.6776022241512082,0.256103515625,0.06568624999999884
1,HIDDEN_REVERSAL,31011000,64,1.2,0.15,1.4554858804090858,41.37992812816627,0.646561377002598,0.3331298828125,0.04432174999999461
1,HIDDEN_REVERSAL,31011000,128,1.2,0.15,1.4162658567824642,82.93436354300913,0.6479247151797588,0.3355712890625,0.05512783300000024
1,HIDDEN_REVERSAL,31011000,256,1.2,0.15,1.4708750845837684,164.4412042896648,0.6423484542565031,0.332275390625,0.07250470900000039
1,REVEALED_REVERSAL,31011000,64,1.2,0.15,1.3475655071542894,43.64683986123688,0.6819818728318262,0.262451171875,0.039282875000004935
1,REVEALED_REVERSAL,31011000,128,1.2,0.15,1.3440250634344288,86.67540299741938,0.6771515859173389,0.2628173828125,0.04716716699999779
1,REVEALED_REVERSAL,31011000,256,1.2,0.15,1.298805059320066,172.01274578036438,0.6719247882045484,0.264892578125,0.061168791000000056
2,NO_REVERSAL,31020000,64,1.2,0.15,0.5789830620607148,43.32908612157793,0.6770169706496552,0.261962890625,0.04056770799999754
2,NO_REVERSAL,31020000,128,1.2,0.15,0.5581240921135686,86.7241695449871,0.6775325745702118,0.26171875,0.050075709000012125
2,NO_REVERSAL,31020000,256,1.2,0.15,0.5349334688963131,171.89428017550145,0.6714620319355525,0.2623291015625,0.06662520899999436
2,HIDDEN_REVERSAL,31021000,64,1.2,0.15,1.5417147204414094,41.60190841589548,0.6500298189983669,0.325927734375,0.04363162500000328
2,HIDDEN_REVERSAL,31021000,128,1.2,0.15,1.5281648640698207,82.87502477796421,0.6474611310778454,0.328857421875,0.054390834000003
2,HIDDEN_REVERSAL,31021000,256,1.2,0.15,1.532460823590027,163.5019953974384,0.6386796695212438,0.326416015625,0.07176079200000629
2,REVEALED_REVERSAL,31021000,64,1.2,0.15,1.4150974890585162,43.44035398257424,0.6787555309777225,0.26123046875,0.03903004199999316
2,REVEALED_REVERSAL,31021000,128,1.2,0.15,1.384906259103793,86.88404165613272,0.6787815754385369,0.262939453125,0.04701087499999801
2,REVEALED_REVERSAL,31021000,256,1.2,0.15,1.3943181571126537,173.71663923144186,0.6785806219978198,0.261962890625,0.06020787500000324
3,NO_REVERSAL,31030000,64,1.2,0.15,0.48841717253318845,43.04692011676916,0.6726081268245181,0.2659912109375,0.04118900000000281
3,NO_REVERSAL,31030000,128,1.2,0.15,0.4552538986622682,86.3015004499919,0.6742304722655618,0.268310546875,0.05063691700000561
3,NO_REVERSAL,31030000,256,1.2,0.15,0.4643169703651992,169.88914210942733,0.6636294613649505,0.26708984375,0.06749670800000729
3,HIDDEN_REVERSAL,31031000,64,1.2,0.15,1.4688840974449564,41.62396184829822,0.6503744038796597,0.324462890625,0.04351958399999489
3,HIDDEN_REVERSAL,31031000,128,1.2,0.15,1.4479856063994838,82.32502020141538,0.6431642203235577,0.3251953125,0.05392504200000303
3,HIDDEN_REVERSAL,31031000,256,1.2,0.15,1.4362153470380026,165.83882739229114,0.6478079195011373,0.323974609375,0.07189587499999561
3,REVEALED_REVERSAL,31031000,64,1.2,0.15,1.4331875968420813,43.34360860422729,0.6772438844410514,0.258544921875,0.03803408299999944
3,REVEALED_REVERSAL,31031000,128,1.2,0.15,1.3902896768950241,85.08521346093261,0.664728230163536,0.259521484375,0.046225457999995
3,REVEALED_REVERSAL,31031000,256,1.2,0.15,1.3921110892184774,170.56183625080374,0.6662571728547021,0.2591552734375,0.0589672920000055
4,NO_REVERSAL,31040000,64,1.2,0.15,0.6362291402204925,42.91554341654577,0.6705553658835277,0.2578125,0.03962137499999585
4,NO_REVERSAL,31040000,128,1.2,0.15,0.5884620637280564,85.82010101740543,0.67046953919848,0.2581787109375,0.04908508399999789
4,NO_REVERSAL,31040000,256,1.2,0.15,0.5855133214659047,172.13875580541543,0.672417014864904,0.2584228515625,0.06574620799999309
4,HIDDEN_REVERSAL,31041000,64,1.2,0.15,1.4706234098049538,41.45048455651596,0.6476638211955619,0.330078125,0.04390649999999141
4,HIDDEN_REVERSAL,31041000,128,1.2,0.15,1.4586390672080087,82.10975584374476,0.641482467529256,0.330078125,0.05468212499999936
4,HIDDEN_REVERSAL,31041000,256,1.2,0.15,1.4494543024638427,163.72848278353652,0.6395643858731895,0.32958984375,0.07187400000000821
4,REVEALED_REVERSAL,31041000,64,1.2,0.15,1.3679890459263195,43.544072364085864,0.6803761306888416,0.2633056640625,0.038698125000010464
4,REVEALED_REVERSAL,31041000,128,1.2,0.15,1.3947856497907258,86.0713179178689,0.6724321712333508,0.263916015625,0.04703629200000137
4,REVEALED_REVERSAL,31041000,256,1.2,0.15,1.4015721762171494,170.37177002651228,0.6655147266660636,0.261962890625,0.05948874999999987
5,NO_REVERSAL,31050000,64,1.2,0.15,0.4800953038598619,42.27579361098898,0.6605592751717028,0.2657470703125,0.041236957999984725
5,NO_REVERSAL,31050000,128,1.2,0.15,0.4851734936919623,83.6722120230841,0.6536891564303445,0.2645263671875,0.050876582999990205
5,NO_REVERSAL,31050000,256,1.2,0.15,0.46842970997372596,166.73294897386072,0.6513005819291434,0.266845703125,0.06990204199999539
5,HIDDEN_REVERSAL,31051000,64,1.2,0.15,1.4395616273630667,41.88398564903651,0.6544372757661955,0.3211669921875,0.045736500000003844
5,HIDDEN_REVERSAL,31051000,128,1.2,0.15,1.394730014639419,83.90261559354379,0.6554891843245608,0.3231201171875,0.05543195799998557
5,HIDDEN_REVERSAL,31051000,256,1.2,0.15,1.3946605493964213,168.08154746080425,0.6565685447687666,0.3201904296875,0.0739355000000046
5,REVEALED_REVERSAL,31051000,64,1.2,0.15,1.3218323052786607,43.85484023284887,0.6852318786382636,0.260498046875,0.03923324999999522
5,REVEALED_REVERSAL,31051000,128,1.2,0.15,1.3113638559448917,87.19685827156539,0.6812254552466046,0.25830078125,0.04820666700001652
5,REVEALED_REVERSAL,31051000,256,1.2,0.15,1.325572934549936,174.55017995653685,0.6818366404552221,0.2613525390625,0.06192229199999133
6,NO_REVERSAL,31060000,64,1.2,0.15,0.672320833240278,43.25129878403721,0.6758015435005814,0.260986328125,0.040337957999980745
6,NO_REVERSAL,31060000,128,1.2,0.15,0.660835196529538,87.31208513204237,0.682125665094081,0.2626953125,0.04974037499999895
6,NO_REVERSAL,31060000,256,1.2,0.15,0.6648040483728064,172.14095554017356,0.672425607578803,0.2611083984375,0.06576387499998759
6,HIDDEN_REVERSAL,31061000,64,1.2,0.15,1.6043639620295702,41.045558823535295,0.641336856617739,0.3184814453125,0.04308466699998803
6,HIDDEN_REVERSAL,31061000,128,1.2,0.15,1.6237679763367927,82.39047134858558,0.6436755574108248,0.32177734375,0.05341766699999084
6,HIDDEN_REVERSAL,31061000,256,1.2,0.15,1.5567002294599694,165.35351937222111,0.6459121850477387,0.3212890625,0.0708223329999953
6,REVEALED_REVERSAL,31061000,64,1.2,0.15,1.498736692133579,43.275781282891046,0.6761840825451726,0.25732421875,0.0377698329999987
6,REVEALED_REVERSAL,31061000,128,1.2,0.15,1.4932951848542293,86.29477524371666,0.6741779315915364,0.257080078125,0.04511854199998311
6,REVEALED_REVERSAL,31061000,256,1.2,0.15,1.4884792988661566,172.9859220509118,0.6757262580113742,0.2569580078125,0.05858708400000978
7,NO_REVERSAL,31070000,64,1.2,0.15,0.7532776886248789,43.167388073302064,0.6744904386453447,0.2662353515625,0.0412537089999887
7,NO_REVERSAL,31070000,128,1.2,0.15,0.7881584054235554,85.87639216118471,0.6709093137592556,0.2706298828125,0.05112979099999393
7,NO_REVERSAL,31070000,256,1.2,0.15,0.743614888193908,170.33738940460879,0.6653804273617531,0.2686767578125,0.06702116599998931
7,HIDDEN_REVERSAL,31071000,64,1.2,0.15,1.2971519309195223,41.24457520092341,0.6444464875144282,0.330322265625,0.04435145799999418
7,HIDDEN_REVERSAL,31071000,128,1.2,0.15,1.2703317111046117,81.33663910440924,0.6354424930031972,0.3294677734375,0.054667582999996966
7,HIDDEN_REVERSAL,31071000,256,1.2,0.15,1.2509789278700303,162.97958393875342,0.6366389997607556,0.33154296875,0.072229875000005
7,REVEALED_REVERSAL,31071000,64,1.2,0.15,1.301255079012052,43.29940904000809,0.6765532662501265,0.2662353515625,0.03912654100000168
7,REVEALED_REVERSAL,31071000,128,1.2,0.15,1.2325978745230144,86.32227475273206,0.6743927715057192,0.2652587890625,0.04787033299999166
7,REVEALED_REVERSAL,31071000,256,1.2,0.15,1.2361842269300922,171.3960701417842,0.6695158989913446,0.268798828125,0.0604535409999869
8,NO_REVERSAL,31080000,64,1.2,0.15,0.8019554034162599,43.34222814907078,0.6772223148292309,0.265869140625,0.04167633399998749
8,NO_REVERSAL,31080000,128,1.2,0.15,0.760364944123562,85.85171925976773,0.6707165567169354,0.264892578125,0.05106583399998499
8,NO_REVERSAL,31080000,256,1.2,0.15,0.7678754862060088,172.46391269020444,0.6736871589461111,0.266357421875,0.0681462080000017
8,HIDDEN_REVERSAL,31081000,64,1.2,0.15,1.3556707330811557,41.82610577629593,0.653532902754624,0.305419921875,0.04182708299998694
8,HIDDEN_REVERSAL,31081000,128,1.2,0.15,1.289713567733127,83.75030533587767,0.6542992604365443,0.3096923828125,0.0626417500000116
8,HIDDEN_REVERSAL,31081000,256,1.2,0.15,1.27696254728733,165.51138424367963,0.6465288447018736,0.3072509765625,0.06990133299999002
8,REVEALED_REVERSAL,31081000,64,1.2,0.15,1.2209973269106622,44.242980371805274,0.6912965683094574,0.2479248046875,0.03731383300001312
8,REVEALED_REVERSAL,31081000,128,1.2,0.15,1.220318838985629,88.23971311061798,0.689372758676703,0.2479248046875,0.04486650000001191
8,REVEALED_REVERSAL,31081000,256,1.2,0.15,1.2055399471423243,174.62673936861515,0.6821357006586529,0.2474365234375,0.05741612500000315
9,NO_REVERSAL,31090000,64,1.2,0.15,0.6494986293575821,43.32638530700768,0.676974770421995,0.259033203125,0.04059441699999411
9,NO_REVERSAL,31090000,128,1.2,0.15,0.6620523565173142,86.1848435964106,0.6733190905969578,0.2608642578125,0.0493669999999895
9,NO_REVERSAL,31090000,256,1.2,0.15,0.6708812622771148,173.10801752401815,0.6762031934531959,0.261474609375,0.06703104100000701
9,HIDDEN_REVERSAL,31091000,64,1.2,0.15,1.1484679330488519,40.61814203361195,0.6346584692751868,0.34033203125,0.05327108399998792
9,HIDDEN_REVERSAL,31091000,128,1.2,0.15,1.1439987530830047,80.79209664622267,0.6311882550486146,0.3443603515625,0.057072457999993276
9,HIDDEN_REVERSAL,31091000,256,1.2,0.15,1.1759818957409707,161.66109181709547,0.6314886399105292,0.3433837890625,0.07422608300001343
9,REVEALED_REVERSAL,31091000,64,1.2,0.15,1.1797767584380345,42.44361511324447,0.6631814861444448,0.2745361328125,0.040954792000007956
9,REVEALED_REVERSAL,31091000,128,1.2,0.15,1.2002590124757826,85.79281629926258,0.6702563773379889,0.273193359375,0.049266666000022497
9,REVEALED_REVERSAL,31091000,256,1.2,0.15,1.170294302237135,172.61316084170937,0.6742701595379272,0.2735595703125,0.06148937500000784
10,NO_REVERSAL,31100000,64,1.2,0.15,0.8397101472226245,44.360922929397844,0.6931394207718413,0.2457275390625,0.03903416600002174
10,NO_REVERSAL,31100000,128,1.2,0.15,0.7660377290416922,89.76963634366824,0.7013252839349081,0.2467041015625,0.04808587499999817
10,NO_REVERSAL,31100000,256,1.2,0.15,0.7259944345447923,177.0390343846946,0.6915587280652132,0.245361328125,0.06606487499999503
10,HIDDEN_REVERSAL,31101000,64,1.2,0.15,1.4837720800100802,41.24300496426844,0.6444219525666943,0.3287353515625,0.04661383399999863
10,HIDDEN_REVERSAL,31101000,128,1.2,0.15,1.4478903542881587,81.267772821749,0.6349044751699141,0.3297119140625,0.056619250000011334
10,HIDDEN_REVERSAL,31101000,256,1.2,0.15,1.4762241722133695,162.74154024731735,0.6357091415910834,0.328369140625,0.07502520899998899
10,REVEALED_REVERSAL,31101000,64,1.2,0.15,1.4629807354075566,43.313192652047725,0.6767686351882457,0.2645263671875,0.04328216700000098
10,REVEALED_REVERSAL,31101000,128,1.2,0.15,1.4393767663739823,85.89383411495433,0.6710455790230807,0.2647705078125,0.04802266699999791
10,REVEALED_REVERSAL,31101000,256,1.2,0.15,1.4138017432740346,171.3013107473123,0.6691457451066887,0.2640380859375,0.09036766599999169
11,NO_REVERSAL,31110000,64,1.2,0.15,0.7159669838774774,44.09257215719558,0.688946439956181,0.2655029296875,0.04167533300000059
11,NO_REVERSAL,31110000,128,1.2,0.15,0.7481648963544265,86.69146312928092,0.6772770556975072,0.2666015625,0.05277849999998807
11,NO_REVERSAL,31110000,256,1.2,0.15,0.7327676652195154,172.65125163904762,0.6744189517150297,0.266357421875,0.07825095800001236
11,HIDDEN_REVERSAL,31111000,64,1.2,0.15,1.6771274830909735,41.99597643312848,0.6561871317676325,0.3133544921875,0.04271791700000449
11,HIDDEN_REVERSAL,31111000,128,1.2,0.15,1.6327730031818932,83.9511742238804,0.6558685486240656,0.310302734375,0.05304229099999702
11,HIDDEN_REVERSAL,31111000,256,1.2,0.15,1.6206770131581394,167.555016582296,0.6545117835245937,0.3114013671875,0.07030529200000046
11,REVEALED_REVERSAL,31111000,64,1.2,0.15,1.5499164624697859,43.62997440621057,0.6817183500970402,0.252685546875,0.037584707999997136
11,REVEALED_REVERSAL,31111000,128,1.2,0.15,1.5256695335491315,86.98295908901773,0.679554367882951,0.25,0.04466091699998742
11,REVEALED_REVERSAL,31111000,256,1.2,0.15,1.5235763711310222,174.77194017952445,0.6827028913262674,0.2510986328125,0.05838441699995656
12,NO_REVERSAL,31120000,64,1.2,0.15,0.5903361253823493,44.01290049443679,0.6877015702255749,0.2596435546875,0.04177012500002775
12,NO_REVERSAL,31120000,128,1.2,0.15,0.598770814232631,87.0853098179204,0.6803539829525032,0.2623291015625,0.05171120900001824
12,NO_REVERSAL,31120000,256,1.2,0.15,0.5857782584729512,172.80148862023105,0.6750058149227776,0.2601318359375,0.0680367090000118
12,HIDDEN_REVERSAL,31121000,64,1.2,0.15,1.7513223268812688,41.00505595084023,0.6407039992318786,0.327392578125,0.04514758300001631
12,HIDDEN_REVERSAL,31121000,128,1.2,0.15,1.7391347529444254,81.84614135306288,0.6394229793208037,0.325927734375,0.05597108400002071
12,HIDDEN_REVERSAL,31121000,256,1.2,0.15,1.6721325305333963,165.8304413754073,0.6477751616226848,0.3265380859375,0.0735667079999871
12,REVEALED_REVERSAL,31121000,64,1.2,0.15,1.7606512756653214,43.52144318227642,0.6800225497230691,0.2620849609375,0.039643832999956885
12,REVEALED_REVERSAL,31121000,128,1.2,0.15,1.7750263855043154,87.32667575831819,0.6822396543618608,0.263916015625,0.048246792000043115
12,REVEALED_REVERSAL,31121000,256,1.2,0.15,1.7143412341208668,175.14061434726418,0.6841430247940007,0.2647705078125,0.06243945800002848
13,NO_REVERSAL,31130000,64,1.2,0.15,0.5597915253072119,42.671026621178285,0.6667347909559107,0.272216796875,0.044080624999992324
13,NO_REVERSAL,31130000,128,1.2,0.15,0.5302629904077854,84.98836972221852,0.6639716384548322,0.2724609375,0.05454916600001525
13,NO_REVERSAL,31130000,256,1.2,0.15,0.5266267309877088,166.59610500173653,0.6507660351630333,0.2703857421875,0.07121987499999705
13,HIDDEN_REVERSAL,31131000,64,1.2,0.15,1.378124739283443,40.84259778471467,0.6381655903861667,0.335205078125,0.04654525000000831
13,HIDDEN_REVERSAL,31131000,128,1.2,0.15,1.3473709148893893,81.374981630733,0.6357420439901016,0.336181640625,0.0592940829999975
13,HIDDEN_REVERSAL,31131000,256,1.2,0.15,1.2963702242267172,162.03146588015497,0.6329354135943553,0.3343505859375,0.07661262499999566
13,REVEALED_REVERSAL,31131000,64,1.2,0.15,1.2576950464597032,42.73682424422763,0.6677628788160567,0.266357421875,0.04171504199996434
13,REVEALED_REVERSAL,31131000,128,1.2,0.15,1.2580073299586094,85.64340918570578,0.6690891342633264,0.2672119140625,0.05027549999999792
13,REVEALED_REVERSAL,31131000,256,1.2,0.15,1.2548845267922268,169.44731837400025,0.6619035873984385,0.2669677734375,0.06425258299998404
14,NO_REVERSAL,31140000,64,1.2,0.15,1.0956077216831428,43.586691146394415,0.6810420491624127,0.255615234375,0.04144166700001506
14,NO_REVERSAL,31140000,128,1.2,0.15,0.9910336293205795,86.73759545514096,0.6776374644932888,0.2554931640625,0.05241054200001827
14,NO_REVERSAL,31140000,256,1.2,0.15,1.015494905916154,171.7258641331571,0.6708041567701449,0.2529296875,0.06892237499999965
14,HIDDEN_REVERSAL,31141000,64,1.2,0.15,1.4786910445354025,42.25732393404971,0.6602706864695267,0.3197021484375,0.04505258300002879
14,HIDDEN_REVERSAL,31141000,128,1.2,0.15,1.4606499332527147,84.85503116808448,0.66292993100066,0.321044921875,0.0553426669999908
14,HIDDEN_REVERSAL,31141000,256,1.2,0.15,1.430561544834254,168.3704471076466,0.6576970590142446,0.316650390625,0.07586545800000977
14,REVEALED_REVERSAL,31141000,64,1.2,0.15,1.3296505748247884,43.40914408685841,0.6782678763571627,0.2547607421875,0.04002891699997235
14,REVEALED_REVERSAL,31141000,128,1.2,0.15,1.3165977029556784,86.63455234422118,0.676832440189228,0.2569580078125,0.04908583299999236
14,REVEALED_REVERSAL,31141000,256,1.2,0.15,1.3056933872733827,173.5097614758674,0.6777725057651071,0.2572021484375,0.06312337499997511
15,NO_REVERSAL,31150000,64,1.2,0.15,0.6058272272479269,43.8543728801275,0.6852245762519922,0.2547607421875,0.041851500000007036
15,NO_REVERSAL,31150000,128,1.2,0.15,0.6005181023683737,86.53349713960675,0.6760429464031777,0.25830078125,0.05234141700003647
15,NO_REVERSAL,31150000,256,1.2,0.15,0.5998972348187093,172.30914011777685,0.6730825785850658,0.2568359375,0.06927195899999106
15,HIDDEN_REVERSAL,31151000,64,1.2,0.15,1.432293439761615,41.77357688334402,0.6527121388022503,0.319091796875,0.045355667000023914
15,HIDDEN_REVERSAL,31151000,128,1.2,0.15,1.4178303829199157,83.10315299268781,0.6492433827553735,0.3187255859375,0.05611654200004068
15,HIDDEN_REVERSAL,31151000,256,1.2,0.15,1.4116062136508,167.6194022328379,0.654763289972023,0.3209228515625,0.07375274999998283
15,REVEALED_REVERSAL,31151000,64,1.2,0.15,1.3748490222084393,43.536445554986855,0.6802569617966696,0.25537109375,0.03931416599999693
15,REVEALED_REVERSAL,31151000,128,1.2,0.15,1.3509680748617536,86.81911010030628,0.6782742976586428,0.25390625,0.047379167000030975
15,REVEALED_REVERSAL,31151000,256,1.2,0.15,1.3250024430410625,174.62878479485906,0.6821436906049182,0.2529296875,0.06169070800001464
16,NO_REVERSAL,31160000,64,1.2,0.15,0.5850766341253136,43.788633355914904,0.6841973961861704,0.2572021484375,0.04368191699995805
16,NO_REVERSAL,31160000,128,1.2,0.15,0.5819406316568004,87.40179225057663,0.68282650195763,0.2596435546875,0.05381279099998437
16,NO_REVERSAL,31160000,256,1.2,0.15,0.5763988233444315,175.35023558078734,0.6849618577374506,0.2587890625,0.07207345799997711
16,HIDDEN_REVERSAL,31161000,64,1.2,0.15,1.2575647539607389,41.00648797650484,0.6407263746328882,0.3258056640625,0.04774654200002715
16,HIDDEN_REVERSAL,31161000,128,1.2,0.15,1.1864345930068532,82.59317159449178,0.645259153081967,0.3253173828125,0.05932758399995919
16,HIDDEN_REVERSAL,31161000,256,1.2,0.15,1.223582154209947,165.33840417507122,0.645853141308872,0.3238525390625,0.07837700000004588
16,REVEALED_REVERSAL,31161000,64,1.2,0.15,1.1933915169996077,43.00516390576965,0.6719556860276508,0.2664794921875,0.04297583300001406
16,REVEALED_REVERSAL,31161000,128,1.2,0.15,1.1735059482983812,86.40464679446839,0.6750363030817843,0.2647705078125,0.050279708999994455
16,REVEALED_REVERSAL,31161000,256,1.2,0.15,1.1634340144933826,171.77820320598477,0.671008606273378,0.263427734375,0.06464391699995531
17,NO_REVERSAL,31170000,64,1.2,0.15,0.9980707421414104,43.94237143962832,0.6865995537441925,0.2537841796875,0.040577208000001974
17,NO_REVERSAL,31170000,128,1.2,0.15,0.990773437721719,87.72346668595924,0.6853395834840565,0.253173828125,0.05037974999999051
17,NO_REVERSAL,31170000,256,1.2,0.15,0.997454762062987,173.62902874677422,0.6782383935420868,0.2518310546875,0.06744995799999742
17,HIDDEN_REVERSAL,31171000,64,1.2,0.15,1.469513696463784,41.354233590659675,0.6461598998540574,0.3143310546875,0.04412966700004972
17,HIDDEN_REVERSAL,31171000,128,1.2,0.15,1.4945113356900772,83.14197173979692,0.6495466542171634,0.3167724609375,0.054752624999991895
17,HIDDEN_REVERSAL,31171000,256,1.2,0.15,1.512176718220536,166.36862169479156,0.6498774284952795,0.316162109375,0.07212558300000182
17,REVEALED_REVERSAL,31171000,64,1.2,0.15,1.3803979543035507,43.19891083310805,0.6749829817673133,0.251708984375,0.03879812499997115
17,REVEALED_REVERSAL,31171000,128,1.2,0.15,1.3581010142833616,86.30797872175012,0.6742810837636728,0.2528076171875,0.046815250000008746
17,REVEALED_REVERSAL,31171000,256,1.2,0.15,1.3783181715627493,172.40443876157207,0.6734548389123909,0.2510986328125,0.05968729199997824
18,NO_REVERSAL,31180000,64,1.2,0.15,0.8827486623738773,43.740762229610986,0.6834494098376717,0.249267578125,0.04467820799999345
18,NO_REVERSAL,31180000,128,1.2,0.15,0.8482202583924476,88.74024527977679,0.6932831662482561,0.2503662109375,0.05473375000002534
18,NO_REVERSAL,31180000,256,1.2,0.15,0.8562393819227312,173.74335449066152,0.6786849784791466,0.24951171875,0.07303637500001514
18,HIDDEN_REVERSAL,31181000,64,1.2,0.15,1.1489105790119913,40.55826335155644,0.6337228648680694,0.3348388671875,0.05024212500001113
18,HIDDEN_REVERSAL,31181000,128,1.2,0.15,1.1075513860441577,81.05846946079626,0.6332692926624708,0.33203125,0.06190254199998435
18,HIDDEN_REVERSAL,31181000,256,1.2,0.15,1.1058086516269932,161.03715250322242,0.6290513769657126,0.3326416015625,0.08164495900001612
18,REVEALED_REVERSAL,31181000,64,1.2,0.15,1.0521717266014146,42.6893966677152,0.66702182293305,0.2640380859375,0.04436262500001931
18,REVEALED_REVERSAL,31181000,128,1.2,0.15,1.0332248440130567,86.00852266414607,0.6719415833136412,0.26806640625,0.05399120900000298
18,REVEALED_REVERSAL,31181000,256,1.2,0.15,1.0646644547069957,172.39395677662645,0.6734138936586971,0.2686767578125,0.07024112499999546
19,NO_REVERSAL,31190000,64,1.2,0.15,0.5868630457047321,43.69964021059449,0.6828068782905389,0.25341796875,0.04129412500003582
19,NO_REVERSAL,31190000,128,1.2,0.15,0.5762471995207634,86.23182874334522,0.6736861620573845,0.253662109375,0.0507739579999793
19,NO_REVERSAL,31190000,256,1.2,0.15,0.6019253142019557,175.24076579505518,0.6845342413869343,0.25341796875,0.067186042000003
19,HIDDEN_REVERSAL,31191000,64,1.2,0.15,1.7115248313904559,41.27633791118966,0.6449427798623384,0.33154296875,0.047047541999972964
19,HIDDEN_REVERSAL,31191000,128,1.2,0.15,1.6748628152246159,81.6405926186529,0.6378171298332258,0.3270263671875,0.057275000000004184
19,HIDDEN_REVERSAL,31191000,256,1.2,0.15,1.6746889896404356,166.0823055411348,0.6487590060200578,0.32958984375,0.0751992909999899
19,REVEALED_REVERSAL,31191000,64,1.2,0.15,1.6753736009715081,43.19973564575274,0.6749958694648865,0.2628173828125,0.040397041999995054
19,REVEALED_REVERSAL,31191000,128,1.2,0.15,1.6149856650504386,86.10654781002783,0.6727074047658425,0.264892578125,0.049351542000010795
19,REVEALED_REVERSAL,31191000,256,1.2,0.15,1.6752863066191335,170.25267701235123,0.665049519579497,0.2625732421875,0.06273954199997434
20,NO_REVERSAL,31200000,64,1.2,0.15,0.609819072634453,42.87853800419803,0.6699771563155942,0.2506103515625,0.04238204199998563
20,NO_REVERSAL,31200000,128,1.2,0.15,0.6176344302768064,86.10970084657826,0.6727320378638927,0.2518310546875,0.05219191700001602
20,NO_REVERSAL,31200000,256,1.2,0.15,0.6053160061101922,170.6208373945784,0.6664876460725718,0.2498779296875,0.07019733300001008
20,HIDDEN_REVERSAL,31201000,64,1.2,0.15,1.6003121765528212,41.18339174486842,0.6434904960135691,0.333984375,0.04854624999995849
20,HIDDEN_REVERSAL,31201000,128,1.2,0.15,1.6692937796381537,81.41684237544365,0.6360690810581535,0.3365478515625,0.05925616600001149
20,HIDDEN_REVERSAL,31201000,256,1.2,0.15,1.6268186080504443,163.21562582994756,0.6375610383982326,0.335693359375,0.07767162500005043
20,REVEALED_REVERSAL,31201000,64,1.2,0.15,1.533698491390226,42.58815272119332,0.6654398862686456,0.263427734375,0.04157424999999648
20,REVEALED_REVERSAL,31201000,128,1.2,0.15,1.5144371368490734,86.33844858767948,0.6745191295912459,0.2669677734375,0.05076191699998844
20,REVEALED_REVERSAL,31201000,256,1.2,0.15,1.5294775552476136,170.97457325908323,0.6678694267932939,0.2657470703125,0.0651315409999711
21,NO_REVERSAL,31210000,64,1.2,0.15,0.8127158633209612,43.300735936549394,0.6765739990085843,0.259521484375,0.04152841699999499
21,NO_REVERSAL,31210000,128,1.2,0.15,0.7712757688449525,85.56278999413118,0.6684592968291498,0.25927734375,0.050882000000001426
21,NO_REVERSAL,31210000,256,1.2,0.15,0.7543500430273312,172.5670583554224,0.6740900717008688,0.25732421875,0.06803170900002442
21,HIDDEN_REVERSAL,31211000,64,1.2,0.15,1.2218017912700843,41.65930494527063,0.6509266397698535,0.3245849609375,0.04559429199997567
21,HIDDEN_REVERSAL,31211000,128,1.2,0.15,1.196108378850201,82.56082956585405,0.6450064809832348,0.328857421875,0.05641945799999348
21,HIDDEN_REVERSAL,31211000,256,1.2,0.15,1.223397657128736,164.05706693749826,0.6408479177246026,0.3291015625,0.07510858300003065
21,REVEALED_REVERSAL,31211000,64,1.2,0.15,1.1837124810192727,43.30709380142035,0.676673340647193,0.2625732421875,0.04040712500000154
21,REVEALED_REVERSAL,31211000,128,1.2,0.15,1.1429279829278367,86.38702351296887,0.6748986211950693,0.2630615234375,0.04902449999997316
21,REVEALED_REVERSAL,31211000,256,1.2,0.15,1.1331927001795905,172.34299277134673,0.6732148155130732,0.262451171875,0.06211258399997632
22,NO_REVERSAL,31220000,64,1.2,0.15,0.6236759014140283,44.15500608648645,0.6899219701013508,0.25048828125,0.05545649999999114
22,NO_REVERSAL,31220000,128,1.2,0.15,0.6507680552504514,87.34087015771112,0.6823505481071181,0.250244140625,0.06621387499990306
22,NO_REVERSAL,31220000,256,1.2,0.15,0.6464180938752047,174.6532605048346,0.6822392988470102,0.2508544921875,0.10437449999994897
22,HIDDEN_REVERSAL,31221000,64,1.2,0.15,1.6284454519462277,40.744911006227376,0.6366392344723028,0.337646484375,0.08422012500000164
22,HIDDEN_REVERSAL,31221000,128,1.2,0.15,1.5699909242020693,81.42785048066814,0.6361550818802199,0.3382568359375,0.09927220800000214
22,HIDDEN_REVERSAL,31221000,256,1.2,0.15,1.5688344627837822,161.58411660594052,0.6311879554919552,0.3365478515625,0.13234862499996325
22,REVEALED_REVERSAL,31221000,64,1.2,0.15,1.6523150251727847,43.124526090257646,0.6738207201602757,0.271484375,0.08063666700002159
22,REVEALED_REVERSAL,31221000,128,1.2,0.15,1.6366090056241906,86.2645276509006,0.673941622272661,0.2713623046875,0.17746579200002088
22,REVEALED_REVERSAL,31221000,256,1.2,0.15,1.623580866111968,171.42000253454498,0.6696093849005663,0.271728515625,0.19787474999998267
23,NO_REVERSAL,31230000,64,1.2,0.15,0.739026696347818,44.117483068035725,0.6893356729380582,0.24658203125,0.040802917000064554
23,NO_REVERSAL,31230000,128,1.2,0.15,0.6969927257779622,87.74856854306144,0.6855356917426675,0.248291015625,0.05035120900004131
23,NO_REVERSAL,31230000,256,1.2,0.15,0.6889661324488874,173.21588254052753,0.6766245411739357,0.2469482421875,0.0675837500000398
23,HIDDEN_REVERSAL,31231000,64,1.2,0.15,1.5368101806340124,41.89327979626524,0.6545824968166444,0.3193359375,0.04466208399992411
23,HIDDEN_REVERSAL,31231000,128,1.2,0.15,1.5376097620119127,83.45757118018348,0.6520122748451834,0.317626953125,0.055283250000002226
23,HIDDEN_REVERSAL,31231000,256,1.2,0.15,1.4887608627627444,167.06485272206018,0.6525970809455476,0.31787109375,0.07336458300005688
23,REVEALED_REVERSAL,31231000,64,1.2,0.15,1.4772185002460454,43.684825009838846,0.682575390778732,0.254150390625,0.039296416999945905
23,REVEALED_REVERSAL,31231000,128,1.2,0.15,1.4442854321391025,87.80770572593184,0.6859977009838425,0.255859375,0.0479704589999983
23,REVEALED_REVERSAL,31231000,256,1.2,0.15,1.408090163120328,174.26542230581995,0.6807243058821092,0.2562255859375,0.060325708000050327
24,NO_REVERSAL,31240000,64,1.2,0.15,0.6306296928597706,43.709717730014894,0.6829643395314827,0.257568359375,0.041162833000043975
24,NO_REVERSAL,31240000,128,1.2,0.15,0.5968221800228302,88.26872563682332,0.6895994190376822,0.2596435546875,0.05179870800009212
24,NO_REVERSAL,31240000,256,1.2,0.15,0.610481310191405,174.5997375480648,0.6820302247971282,0.2579345703125,0.06893608299992593
24,HIDDEN_REVERSAL,31241000,64,1.2,0.15,1.2583939448266075,41.63443961113952,0.650538118924055,0.3226318359375,0.046219749999977466
24,HIDDEN_REVERSAL,31241000,128,1.2,0.15,1.3284515898043392,83.3873441125065,0.651463625878957,0.3260498046875,0.05733216600003743
24,HIDDEN_REVERSAL,31241000,256,1.2,0.15,1.2709411024212587,165.48984723063361,0.6464447157446626,0.3248291015625,0.075363624999909
24,REVEALED_REVERSAL,31241000,64,1.2,0.15,1.2321006695229744,43.53984775468908,0.6803101211670168,0.2572021484375,0.03986316700002135
24,REVEALED_REVERSAL,31241000,128,1.2,0.15,1.274878656224402,86.24868510445796,0.6738178523785778,0.2586669921875,0.048174459000051684
24,REVEALED_REVERSAL,31241000,256,1.2,0.15,1.2418837318716267,171.0858235928325,0.6683039984095019,0.2578125,0.06257620799999586
25,NO_REVERSAL,31250000,64,1.2,0.15,0.7702002077534268,42.660866768183844,0.6665760432528726,0.2628173828125,0.0418501249999963
25,NO_REVERSAL,31250000,128,1.2,0.15,0.6947724998261595,85.71067956544452,0.6696146841050353,0.263916015625,0.051586917000008725
25,NO_REVERSAL,31250000,256,1.2,0.15,0.704339523843795,170.11933664248477,0.6645286587597061,0.2618408203125,0.06862087499996505
25,HIDDEN_REVERSAL,31251000,64,1.2,0.15,1.1920238374365142,41.56327376833566,0.6494261526302447,0.3221435546875,0.04461008300006597
25,HIDDEN_REVERSAL,31251000,128,1.2,0.15,1.1926704974014777,83.2631771652196,0.6504935716032781,0.32080078125,0.05532562499990945
25,HIDDEN_REVERSAL,31251000,256,1.2,0.15,1.1844686134840807,166.25568179297485,0.649436257003808,0.32177734375,0.07432608299995991
25,REVEALED_REVERSAL,31251000,64,1.2,0.15,1.2274259968858803,43.832264620393744,0.6848791346936522,0.2613525390625,0.04006158299989693
25,REVEALED_REVERSAL,31251000,128,1.2,0.15,1.257653469554951,86.58252234478904,0.6764259558186644,0.2620849609375,0.04841929099995923
25,REVEALED_REVERSAL,31251000,256,1.2,0.15,1.2242143721675443,174.55102994013026,0.6818399607036338,0.26025390625,0.0617480839999871
26,NO_REVERSAL,31260000,64,1.2,0.15,0.7271922306111758,43.13300872225228,0.6739532612851918,0.2598876953125,0.04258245900007296
26,NO_REVERSAL,31260000,128,1.2,0.15,0.7322814078266889,86.76251522309173,0.6778321501804041,0.2625732421875,0.05314924999993309
26,NO_REVERSAL,31260000,256,1.2,0.15,0.7291322976516854,171.67896567467795,0.6706209596667108,0.2606201171875,0.07328324999991764
26,HIDDEN_REVERSAL,31261000,64,1.2,0.15,2.0351848951892353,41.79670891998162,0.6530735768747128,0.326904296875,0.047834666000085235
26,HIDDEN_REVERSAL,31261000,128,1.2,0.15,2.0008418027755117,82.78536937331278,0.6467606982290061,0.3236083984375,0.059146916000031524
26,HIDDEN_REVERSAL,31261000,256,1.2,0.15,2.0210617826822697,165.48238318000304,0.6464155592968869,0.3272705078125,0.07766754099998252
26,REVEALED_REVERSAL,31261000,64,1.2,0.15,1.9125728523977212,43.78595821550258,0.6841555971172278,0.2591552734375,0.042186749999928
26,REVEALED_REVERSAL,31261000,128,1.2,0.15,1.894356527763271,87.37285343229382,0.6826004174397955,0.2591552734375,0.05103262500006167
26,REVEALED_REVERSAL,31261000,256,1.2,0.15,1.8857264047854383,174.8856957998908,0.6831472492183235,0.260009765625,0.06523170799994205
27,NO_REVERSAL,31270000,64,1.2,0.15,0.7976598007846605,43.39720601611637,0.6780813440018183,0.2552490234375,0.042934541000022364
27,NO_REVERSAL,31270000,128,1.2,0.15,0.8417599950644353,86.71277963737033,0.6774435909169557,0.25732421875,0.053442291999999725
27,NO_REVERSAL,31270000,256,1.2,0.15,0.7827127547428465,172.2075672454896,0.6726858095526937,0.253173828125,0.07012312500000917
27,HIDDEN_REVERSAL,31271000,64,1.2,0.15,1.413766502399873,40.82817218916869,0.6379401904557608,0.3355712890625,0.047437999999942804
27,HIDDEN_REVERSAL,31271000,128,1.2,0.15,1.4007019201194097,81.42188986172862,0.6361085145447548,0.33740234375,0.05870087499999954
27,HIDDEN_REVERSAL,31271000,256,1.2,0.15,1.41798129775475,162.6858802903744,0.635491719884275,0.3372802734375,0.07810333299994454
27,REVEALED_REVERSAL,31271000,64,1.2,0.15,1.3716040883969791,42.662164892515285,0.6665963264455513,0.2685546875,0.043150582999942344
27,REVEALED_REVERSAL,31271000,128,1.2,0.15,1.3405697771095573,84.76140348066846,0.6621984646927224,0.271240234375,0.05192974999999933
27,REVEALED_REVERSAL,31271000,256,1.2,0.15,1.3232810367519465,169.83279067004133,0.663409338554849,0.2720947265625,0.06710420799993244
28,NO_REVERSAL,31280000,64,1.2,0.15,0.6976164600246468,42.562452826382,0.6650383254122187,0.2642822265625,0.044075375000034
28,NO_REVERSAL,31280000,128,1.2,0.15,0.6499371115462017,84.88836342416275,0.6631903392512715,0.26416015625,0.05462133300000005
28,NO_REVERSAL,31280000,256,1.2,0.15,0.694383737895337,168.73758941656814,0.6591312086584693,0.265625,0.0723998330000768
28,HIDDEN_REVERSAL,31281000,64,1.2,0.15,1.6415186548133625,41.64222410171683,0.6506597515893254,0.3216552734375,0.04523937500005104
28,HIDDEN_REVERSAL,31281000,128,1.2,0.15,1.539647584503042,83.42876990815931,0.6517872649074946,0.320068359375,0.05625533299996732
28,HIDDEN_REVERSAL,31281000,256,1.2,0.15,1.597133657143007,166.1419434799064,0.6489919667183843,0.32080078125,0.07590679099996578
28,REVEALED_REVERSAL,31281000,64,1.2,0.15,1.5613687793204887,43.91254204137292,0.6861334693964519,0.251220703125,0.04034841600002892
28,REVEALED_REVERSAL,31281000,128,1.2,0.15,1.457808738939952,87.40615516768656,0.6828605872475513,0.2529296875,0.048780124999893815
28,REVEALED_REVERSAL,31281000,256,1.2,0.15,1.4927592636805609,173.42885724622138,0.6774564736180523,0.2523193359375,0.06292045899999721
29,NO_REVERSAL,31290000,64,1.2,0.15,0.5687019744400795,42.492903437949764,0.6639516162179651,0.26953125,0.044981709000012415
29,NO_REVERSAL,31290000,128,1.2,0.15,0.5425949554509589,84.84997558136813,0.6628904342294385,0.273681640625,0.056307625000044936
29,NO_REVERSAL,31290000,256,1.2,0.15,0.5201761706130639,169.77699124341385,0.6631913720445853,0.2728271484375,0.0736824580000075
29,HIDDEN_REVERSAL,31291000,64,1.2,0.15,1.1443191637207084,40.52647039101292,0.6332260998595769,0.3280029296875,0.04819004199998744
29,HIDDEN_REVERSAL,31291000,128,1.2,0.15,1.128190243094219,80.83713470723285,0.6315401149002566,0.328125,0.05938541700004407
29,HIDDEN_REVERSAL,31291000,256,1.2,0.15,1.1371634262101284,161.2646706930403,0.6299401198946887,0.3292236328125,0.0781285419999449
29,REVEALED_REVERSAL,31291000,64,1.2,0.15,1.113055407576296,43.53018096116491,0.6801590775182017,0.2657470703125,0.04224862499995652
29,REVEALED_REVERSAL,31291000,128,1.2,0.15,1.112242250263822,86.66380656591981,0.6770609887962485,0.267578125,0.05149474999996073
29,REVEALED_REVERSAL,31291000,256,1.2,0.15,1.1086795093878468,172.84769762750304,0.6751863188574337,0.2662353515625,0.06504033300006995
30,NO_REVERSAL,31300000,64,1.2,0.15,0.5954445848832803,43.66261028773449,0.6822282857458514,0.260986328125,0.04338149999989582
30,NO_REVERSAL,31300000,128,1.2,0.15,0.5657622744687321,86.41629461759318,0.6751273016999467,0.26611328125,0.055398084000103154
30,NO_REVERSAL,31300000,256,1.2,0.15,0.5807157796740092,172.62937041184932,0.6743334781712864,0.2611083984375,0.07231995800009372
30,HIDDEN_REVERSAL,31301000,64,1.2,0.15,1.9902849388519517,42.55213604218645,0.6648771256591632,0.302490234375,0.04405704100008734
30,HIDDEN_REVERSAL,31301000,128,1.2,0.15,2.028758395422713,85.23515775518676,0.6658996699623966,0.3026123046875,0.05462954200004333
30,HIDDEN_REVERSAL,31301000,256,1.2,0.15,1.955259197671527,168.35237278183183,0.6576264561790306,0.3017578125,0.07259358299995711
30,REVEALED_REVERSAL,31301000,64,1.2,0.15,1.8819691475711804,44.36702498292567,0.6932347653582136,0.2381591796875,0.03885054200009108
30,REVEALED_REVERSAL,31301000,128,1.2,0.15,1.8742453447792717,88.62751611231849,0.6924024696274882,0.2415771484375,0.04784416699999383
30,REVEALED_REVERSAL,31301000,256,1.2,0.15,1.8869706046227708,177.6006390492625,0.6937524962861816,0.24072265625,0.06104183299999022
31,NO_REVERSAL,31310000,64,1.2,0.15,0.5951553357059538,43.07981965126524,0.6731221820510194,0.2630615234375,0.04401208299998416
31,NO_REVERSAL,31310000,128,1.2,0.15,0.6019113523114034,86.98418599415554,0.6795639530793401,0.2659912109375,0.05483208300006481
31,NO_REVERSAL,31310000,256,1.2,0.15,0.5791746397289553,169.49634310341412,0.6620950902477114,0.2637939453125,0.07279900000003181
31,HIDDEN_REVERSAL,31311000,64,1.2,0.15,1.596366695304632,41.29554957390239,0.6452429620922249,0.329345703125,0.04727708400002939
31,HIDDEN_REVERSAL,31311000,128,1.2,0.15,1.5403058929769031,82.47935346820208,0.6443699489703287,0.32568359375,0.05823283300003368
31,HIDDEN_REVERSAL,31311000,256,1.2,0.15,1.4943915054083217,162.7734140869492,0.6358336487771453,0.3251953125,0.07748495800001365
31,REVEALED_REVERSAL,31311000,64,1.2,0.15,1.3841131565230111,42.82817618862465,0.6691902529472602,0.2564697265625,0.04070212500005255
31,REVEALED_REVERSAL,31311000,128,1.2,0.15,1.3572851686483607,86.24581760522425,0.6737954500408144,0.2568359375,0.049210874999971566
31,REVEALED_REVERSAL,31311000,256,1.2,0.15,1.3828267971959654,173.9131309611227,0.6793481678168856,0.2591552734375,0.06345820799992907
