seed_block,condition,arm,n_episodes,tracking_mse,command_energy,missing_fraction
0,NO_REVERSAL,ACRKN_ACTION_ONLY,128,0.8239629307063296,0.17734445264795795,0.5003662109375
0,NO_REVERSAL,ACRKN_REALIZED_STATE,128,0.8784255844366271,0.17354727596102748,0.5003662109375
0,NO_REVERSAL,ACRKN_REVERSAL_REVEALED,128,0.8363588848733343,0.17132724553812295,0.5003662109375
0,NO_REVERSAL,GRU_ACTION_ONLY,128,0.9010555596032646,0.14889655142906122,0.5003662109375
0,NO_REVERSAL,GRU_REALIZED_STATE,128,0.8806825590436347,0.1477775638049934,0.5003662109375
0,NO_REVERSAL,TASK_AWARE_PARTICLE_FILTER,128,0.6781420881716875,0.11772776077522948,0.5003662109375
0,HIDDEN_REVERSAL,ACRKN_ACTION_ONLY,128,1.6918484653579071,0.3340197490979335,0.471923828125
0,HIDDEN_REVERSAL,ACRKN_REALIZED_STATE,128,1.7993251392035745,0.3491947946313303,0.471923828125
0,HIDDEN_REVERSAL,ACRKN_REVERSAL_REVEALED,128,1.7758133822935633,0.32887059592758305,0.471923828125
0,HIDDEN_REVERSAL,GRU_ACTION_ONLY,128,1.7245421714033,0.2580608014104655,0.471923828125
0,HIDDEN_REVERSAL,GRU_REALIZED_STATE,128,1.6818660376011394,0.27285818339441903,0.471923828125
0,HIDDEN_REVERSAL,TASK_AWARE_PARTICLE_FILTER,128,1.2577535357001879,0.26558408261174604,0.471923828125
0,REVEALED_REVERSAL,ACRKN_ACTION_ONLY,128,1.6918484653579071,0.3340197490979335,0.471923828125
0,REVEALED_REVERSAL,ACRKN_REALIZED_STATE,128,1.7993251392035745,0.3491947946313303,0.471923828125
0,REVEALED_REVERSAL,ACRKN_REVERSAL_REVEALED,128,1.7250866130925715,0.3254456631184439,0.471923828125
0,REVEALED_REVERSAL,GRU_ACTION_ONLY,128,1.7245421714033,0.2580608014104655,0.471923828125
0,REVEALED_REVERSAL,GRU_REALIZED_STATE,128,1.6818660376011394,0.27285818339441903,0.471923828125
0,REVEALED_REVERSAL,TASK_AWARE_PARTICLE_FILTER,128,1.2304302600420054,0.2700698654176251,0.471923828125
1,NO_REVERSAL,ACRKN_ACTION_ONLY,128,0.8494959702366032,0.14421448516077362,0.5057373046875
1,NO_REVERSAL,ACRKN_REALIZED_STATE,128,0.8755188300274312,0.1323418052852503,0.5057373046875
1,NO_REVERSAL,ACRKN_REVERSAL_REVEALED,128,1.0086031380633358,0.1575594605092192,0.5057373046875
1,NO_REVERSAL,GRU_ACTION_ONLY,128,0.85012180506601,0.15155507552844938,0.5057373046875
1,NO_REVERSAL,GRU_REALIZED_STATE,128,0.8584779427619651,0.14506042847642675,0.5057373046875
1,NO_REVERSAL,TASK_AWARE_PARTICLE_FILTER,128,0.6512919320132988,0.11498107108355524,0.5057373046875
1,HIDDEN_REVERSAL,ACRKN_ACTION_ONLY,128,2.244078321440611,0.27043414875515737,0.4921875
1,HIDDEN_REVERSAL,ACRKN_REALIZED_STATE,128,2.18320764193777,0.2897154595848406,0.4921875
1,HIDDEN_REVERSAL,ACRKN_REVERSAL_REVEALED,128,3.2752653228817508,0.33790387748740613,0.4921875
1,HIDDEN_REVERSAL,GRU_ACTION_ONLY,128,2.1101785481732804,0.2779693111369852,0.4921875
1,HIDDEN_REVERSAL,GRU_REALIZED_STATE,128,2.1668663206510246,0.3075633779517375,0.4921875
1,HIDDEN_REVERSAL,TASK_AWARE_PARTICLE_FILTER,128,1.4708750845837684,0.2780191575494779,0.4921875
1,REVEALED_REVERSAL,ACRKN_ACTION_ONLY,128,2.244078321440611,0.27043414875515737,0.4921875
1,REVEALED_REVERSAL,ACRKN_REALIZED_STATE,128,2.18320764193777,0.2897154595848406,0.4921875
1,REVEALED_REVERSAL,ACRKN_REVERSAL_REVEALED,128,2.2251695325248875,0.27773673986666836,0.4921875
1,REVEALED_REVERSAL,GRU_ACTION_ONLY,128,2.1101785481732804,0.2779693111369852,0.4921875
1,REVEALED_REVERSAL,GRU_REALIZED_STATE,128,2.1668663206510246,0.3075633779517375,0.4921875
1,REVEALED_REVERSAL,TASK_AWARE_PARTICLE_FILTER,128,1.298805059320066,0.2734981346084579,0.4921875
2,NO_REVERSAL,ACRKN_ACTION_ONLY,128,0.8048079768195748,0.11839080384379486,0.50146484375
2,NO_REVERSAL,ACRKN_REALIZED_STATE,128,0.8795432226615958,0.12274886317754863,0.50146484375
2,NO_REVERSAL,ACRKN_REVERSAL_REVEALED,128,0.7955479457159527,0.12878070393344387,0.50146484375
2,NO_REVERSAL,GRU_ACTION_ONLY,128,0.6641191127419006,0.14543222446809523,0.50146484375
2,NO_REVERSAL,GRU_REALIZED_STATE,128,0.6744621544203255,0.13826788554433733,0.50146484375
2,NO_REVERSAL,TASK_AWARE_PARTICLE_FILTER,128,0.5349334688963131,0.10806085391727235,0.50146484375
2,HIDDEN_REVERSAL,ACRKN_ACTION_ONLY,128,2.0635281492141075,0.22412365142372437,0.5008544921875
2,HIDDEN_REVERSAL,ACRKN_REALIZED_STATE,128,2.0753660243644845,0.2430163858953165,0.5008544921875
2,HIDDEN_REVERSAL,ACRKN_REVERSAL_REVEALED,128,4.126605119323358,0.35167219233699143,0.5008544921875
2,HIDDEN_REVERSAL,GRU_ACTION_ONLY,128,1.8245804755133577,0.26478877928457223,0.5008544921875
2,HIDDEN_REVERSAL,GRU_REALIZED_STATE,128,1.7982997925719246,0.28585862353793345,0.5008544921875
2,HIDDEN_REVERSAL,TASK_AWARE_PARTICLE_FILTER,128,1.532460823590027,0.2694642611809182,0.5008544921875
2,REVEALED_REVERSAL,ACRKN_ACTION_ONLY,128,2.0635281492141075,0.22412365142372437,0.5008544921875
2,REVEALED_REVERSAL,ACRKN_REALIZED_STATE,128,2.0753660243644845,0.2430163858953165,0.5008544921875
2,REVEALED_REVERSAL,ACRKN_REVERSAL_REVEALED,128,2.0576840300345793,0.2406897116889013,0.5008544921875
2,REVEALED_REVERSAL,GRU_ACTION_ONLY,128,1.8245804755133577,0.26478877928457223,0.5008544921875
2,REVEALED_REVERSAL,GRU_REALIZED_STATE,128,1.7982997925719246,0.28585862353793345,0.5008544921875
2,REVEALED_REVERSAL,TASK_AWARE_PARTICLE_FILTER,128,1.3943181571126537,0.2616551955122518,0.5008544921875
3,NO_REVERSAL,ACRKN_ACTION_ONLY,128,1.1883390943985432,0.14267435412330087,0.4896240234375
3,NO_REVERSAL,ACRKN_REALIZED_STATE,128,1.2263088601175696,0.0793453698643134,0.4896240234375
3,NO_REVERSAL,ACRKN_REVERSAL_REVEALED,128,1.2488383805030026,0.08373014854441863,0.4896240234375
3,NO_REVERSAL,GRU_ACTION_ONLY,128,0.5381233358639292,0.1553905169130303,0.4896240234375
3,NO_REVERSAL,GRU_REALIZED_STATE,128,0.556766602298012,0.14893673348706216,0.4896240234375
3,NO_REVERSAL,TASK_AWARE_PARTICLE_FILTER,128,0.4643169703651992,0.11010798071326287,0.4896240234375
3,HIDDEN_REVERSAL,ACRKN_ACTION_ONLY,128,2.505908064544201,0.2120466040505562,0.5018310546875
3,HIDDEN_REVERSAL,ACRKN_REALIZED_STATE,128,3.019561612047255,0.12441425694851205,0.5018310546875
3,HIDDEN_REVERSAL,ACRKN_REVERSAL_REVEALED,128,3.1098765053320676,0.13087231261306442,0.5018310546875
3,HIDDEN_REVERSAL,GRU_ACTION_ONLY,128,1.9211932028410956,0.27503578577307053,0.5018310546875
3,HIDDEN_REVERSAL,GRU_REALIZED_STATE,128,1.9536697349394672,0.2664459527877625,0.5018310546875
3,HIDDEN_REVERSAL,TASK_AWARE_PARTICLE_FILTER,128,1.4362153470380026,0.2761908550793129,0.5018310546875
3,REVEALED_REVERSAL,ACRKN_ACTION_ONLY,128,2.505908064544201,0.2120466040505562,0.5018310546875
3,REVEALED_REVERSAL,ACRKN_REALIZED_STATE,128,3.019561612047255,0.12441425694851205,0.5018310546875
3,REVEALED_REVERSAL,ACRKN_REVERSAL_REVEALED,128,3.0226781509118155,0.12709063666989096,0.5018310546875
3,REVEALED_REVERSAL,GRU_ACTION_ONLY,128,1.9211932028410956,0.27503578577307053,0.5018310546875
3,REVEALED_REVERSAL,GRU_REALIZED_STATE,128,1.9536697349394672,0.2664459527877625,0.5018310546875
3,REVEALED_REVERSAL,TASK_AWARE_PARTICLE_FILTER,128,1.3921110892184774,0.27460617794313447,0.5018310546875
4,NO_REVERSAL,ACRKN_ACTION_ONLY,128,0.8475826695212163,0.12541068281279877,0.5035400390625
4,NO_REVERSAL,ACRKN_REALIZED_STATE,128,0.8543730984383728,0.1297331840833067,0.5035400390625
4,NO_REVERSAL,ACRKN_REVERSAL_REVEALED,128,1.2680685921222903,0.1364224929420743,0.5035400390625
4,NO_REVERSAL,GRU_ACTION_ONLY,128,0.6744752414524555,0.16078698575438466,0.5035400390625
4,NO_REVERSAL,GRU_REALIZED_STATE,128,0.7073635509586893,0.15830195721355267,0.5035400390625
4,NO_REVERSAL,TASK_AWARE_PARTICLE_FILTER,128,0.5855133214659047,0.12199508854274002,0.5035400390625
4,HIDDEN_REVERSAL,ACRKN_ACTION_ONLY,128,2.1839597953367047,0.21498474036343396,0.495361328125
4,HIDDEN_REVERSAL,ACRKN_REALIZED_STATE,128,2.1713441065512598,0.22977028686727863,0.495361328125
4,HIDDEN_REVERSAL,ACRKN_REVERSAL_REVEALED,128,4.650073283701204,0.3196335876127705,0.495361328125
4,HIDDEN_REVERSAL,GRU_ACTION_ONLY,128,1.6365177971019875,0.290304960537469,0.495361328125
4,HIDDEN_REVERSAL,GRU_REALIZED_STATE,128,1.6347899303073063,0.2945780862646643,0.495361328125
4,HIDDEN_REVERSAL,TASK_AWARE_PARTICLE_FILTER,128,1.4494543024638427,0.27911233201298874,0.495361328125
4,REVEALED_REVERSAL,ACRKN_ACTION_ONLY,128,2.1839597953367047,0.21498474036343396,0.495361328125
4,REVEALED_REVERSAL,ACRKN_REALIZED_STATE,128,2.1713441065512598,0.22977028686727863,0.495361328125
4,REVEALED_REVERSAL,ACRKN_REVERSAL_REVEALED,128,2.361021765624173,0.22154770808992907,0.495361328125
4,REVEALED_REVERSAL,GRU_ACTION_ONLY,128,1.6365177971019875,0.290304960537469,0.495361328125
4,REVEALED_REVERSAL,GRU_REALIZED_STATE,128,1.6347899303073063,0.2945780862646643,0.495361328125
4,REVEALED_REVERSAL,TASK_AWARE_PARTICLE_FILTER,128,1.4015721762171494,0.27689368537857995,0.495361328125
5,NO_REVERSAL,ACRKN_ACTION_ONLY,128,0.8121663648635149,0.1404738683195319,0.48583984375
5,NO_REVERSAL,ACRKN_REALIZED_STATE,128,0.8702367565711029,0.14101979837869294,0.48583984375
5,NO_REVERSAL,ACRKN_REVERSAL_REVEALED,128,0.8221213578653987,0.14175886726297904,0.48583984375
5,NO_REVERSAL,GRU_ACTION_ONLY,128,0.7478199771139771,0.16174448895617388,0.48583984375
5,NO_REVERSAL,GRU_REALIZED_STATE,128,0.7077598001633305,0.1486637568596052,0.48583984375
5,NO_REVERSAL,TASK_AWARE_PARTICLE_FILTER,128,0.46842970997372596,0.12018820759195697,0.48583984375
5,HIDDEN_REVERSAL,ACRKN_ACTION_ONLY,128,2.033605966367759,0.22187752612808254,0.5029296875
5,HIDDEN_REVERSAL,ACRKN_REALIZED_STATE,128,2.060223546694033,0.23130282407510094,0.5029296875
5,HIDDEN_REVERSAL,ACRKN_REVERSAL_REVEALED,128,2.114954431541264,0.2248411524342373,0.5029296875
5,HIDDEN_REVERSAL,GRU_ACTION_ONLY,128,1.8548404111643322,0.23390788430697285,0.5029296875
5,HIDDEN_REVERSAL,GRU_REALIZED_STATE,128,1.7429161269392353,0.25606335446354933,0.5029296875
5,HIDDEN_REVERSAL,TASK_AWARE_PARTICLE_FILTER,128,1.3946605493964213,0.2566705182040939,0.5029296875
5,REVEALED_REVERSAL,ACRKN_ACTION_ONLY,128,2.033605966367759,0.22187752612808254,0.5029296875
5,REVEALED_REVERSAL,ACRKN_REALIZED_STATE,128,2.060223546694033,0.23130282407510094,0.5029296875
5,REVEALED_REVERSAL,ACRKN_REVERSAL_REVEALED,128,2.097053357108962,0.22068424506869633,0.5029296875
5,REVEALED_REVERSAL,GRU_ACTION_ONLY,128,1.8548404111643322,0.23390788430697285,0.5029296875
5,REVEALED_REVERSAL,GRU_REALIZED_STATE,128,1.7429161269392353,0.25606335446354933,0.5029296875
5,REVEALED_REVERSAL,TASK_AWARE_PARTICLE_FILTER,128,1.325572934549936,0.2593263038704176,0.5029296875
6,NO_REVERSAL,ACRKN_ACTION_ONLY,128,1.1607073274208233,0.1541888312494848,0.5028076171875
6,NO_REVERSAL,ACRKN_REALIZED_STATE,128,0.9682152841705829,0.13541031371278223,0.5028076171875
6,NO_REVERSAL,ACRKN_REVERSAL_REVEALED,128,1.3247906591859646,0.1582845340599306,0.5028076171875
6,NO_REVERSAL,GRU_ACTION_ONLY,128,0.8438945860834792,0.16078782791737467,0.5028076171875
6,NO_REVERSAL,GRU_REALIZED_STATE,128,0.9048166602151468,0.14748624070489313,0.5028076171875
6,NO_REVERSAL,TASK_AWARE_PARTICLE_FILTER,128,0.6648040483728064,0.1203789888916571,0.5028076171875
6,HIDDEN_REVERSAL,ACRKN_ACTION_ONLY,128,2.3103344914270565,0.24017792168888263,0.5081787109375
6,HIDDEN_REVERSAL,ACRKN_REALIZED_STATE,128,2.188257445464842,0.24021738894225564,0.5081787109375
6,HIDDEN_REVERSAL,ACRKN_REVERSAL_REVEALED,128,2.9885965256835334,0.2661389933200553,0.5081787109375
6,HIDDEN_REVERSAL,GRU_ACTION_ONLY,128,2.0245262140524574,0.2618749304674566,0.5081787109375
6,HIDDEN_REVERSAL,GRU_REALIZED_STATE,128,2.035833117319271,0.2695212159305811,0.5081787109375
6,HIDDEN_REVERSAL,TASK_AWARE_PARTICLE_FILTER,128,1.5567002294599694,0.27499476884816343,0.5081787109375
6,REVEALED_REVERSAL,ACRKN_ACTION_ONLY,128,2.3103344914270565,0.24017792168888263,0.5081787109375
6,REVEALED_REVERSAL,ACRKN_REALIZED_STATE,128,2.188257445464842,0.24021738894225564,0.5081787109375
6,REVEALED_REVERSAL,ACRKN_REVERSAL_REVEALED,128,2.295576455653645,0.23417262602015398,0.5081787109375
6,REVEALED_REVERSAL,GRU_ACTION_ONLY,128,2.0245262140524574,0.2618749304674566,0.5081787109375
6,REVEALED_REVERSAL,GRU_REALIZED_STATE,128,2.035833117319271,0.2695212159305811,0.5081787109375
6,REVEALED_REVERSAL,TASK_AWARE_PARTICLE_FILTER,128,1.4884792988661566,0.27092075847186203,0.5081787109375
7,NO_REVERSAL,ACRKN_ACTION_ONLY,128,1.1787848602689337,0.14772135483508464,0.48583984375
7,NO_REVERSAL,ACRKN_REALIZED_STATE,128,1.1987183702876791,0.14293343896861188,0.48583984375
7,NO_REVERSAL,ACRKN_REVERSAL_REVEALED,128,1.428279095533071,0.14595211113919504,0.48583984375
7,NO_REVERSAL,GRU_ACTION_ONLY,128,0.9948967602977064,0.15366881334921345,0.48583984375
7,NO_REVERSAL,GRU_REALIZED_STATE,128,1.2119297171884682,0.1769597549136961,0.48583984375
7,NO_REVERSAL,TASK_AWARE_PARTICLE_FILTER,128,0.743614888193908,0.1265538431565673,0.48583984375
7,HIDDEN_REVERSAL,ACRKN_ACTION_ONLY,128,1.9310030497144908,0.22720615420257673,0.491943359375
7,HIDDEN_REVERSAL,ACRKN_REALIZED_STATE,128,1.9962942146812566,0.2273763317061821,0.491943359375
7,HIDDEN_REVERSAL,ACRKN_REVERSAL_REVEALED,128,2.406475799623877,0.2807981837540865,0.491943359375
7,HIDDEN_REVERSAL,GRU_ACTION_ONLY,128,1.5672435954911634,0.26814756958629005,0.491943359375
7,HIDDEN_REVERSAL,GRU_REALIZED_STATE,128,1.5566182781476527,0.31818290188675746,0.491943359375
7,HIDDEN_REVERSAL,TASK_AWARE_PARTICLE_FILTER,128,1.2509789278700303,0.267093710218226,0.491943359375
7,REVEALED_REVERSAL,ACRKN_ACTION_ONLY,128,1.9310030497144908,0.22720615420257673,0.491943359375
7,REVEALED_REVERSAL,ACRKN_REALIZED_STATE,128,1.9962942146812566,0.2273763317061821,0.491943359375
7,REVEALED_REVERSAL,ACRKN_REVERSAL_REVEALED,128,2.1235640072263777,0.21467528634821065,0.491943359375
7,REVEALED_REVERSAL,GRU_ACTION_ONLY,128,1.5672435954911634,0.26814756958629005,0.491943359375
7,REVEALED_REVERSAL,GRU_REALIZED_STATE,128,1.5566182781476527,0.31818290188675746,0.491943359375
7,REVEALED_REVERSAL,TASK_AWARE_PARTICLE_FILTER,128,1.2361842269300922,0.2687124022599932,0.491943359375
8,NO_REVERSAL,ACRKN_ACTION_ONLY,128,1.0357853885070654,0.15832161388243549,0.489501953125
8,NO_REVERSAL,ACRKN_REALIZED_STATE,128,1.0252165022247937,0.1415676681426703,0.489501953125
8,NO_REVERSAL,ACRKN_REVERSAL_REVEALED,128,1.0508874775114236,0.16280025961168576,0.489501953125
8,NO_REVERSAL,GRU_ACTION_ONLY,128,0.9684907899791142,0.15920918618212454,0.489501953125
8,NO_REVERSAL,GRU_REALIZED_STATE,128,0.9205635660619009,0.14275095153425355,0.489501953125
8,NO_REVERSAL,TASK_AWARE_PARTICLE_FILTER,128,0.7678754862060088,0.12021036898663233,0.489501953125
8,HIDDEN_REVERSAL,ACRKN_ACTION_ONLY,128,1.9462548836600035,0.2566656460840022,0.52783203125
8,HIDDEN_REVERSAL,ACRKN_REALIZED_STATE,128,2.044372724951245,0.2372770056099398,0.52783203125
8,HIDDEN_REVERSAL,ACRKN_REVERSAL_REVEALED,128,3.4659152893000282,0.3487776278052479,0.52783203125
8,HIDDEN_REVERSAL,GRU_ACTION_ONLY,128,1.9357527316897176,0.24074761834344827,0.52783203125
8,HIDDEN_REVERSAL,GRU_REALIZED_STATE,128,1.9689354914589785,0.2385792791028507,0.52783203125
8,HIDDEN_REVERSAL,TASK_AWARE_PARTICLE_FILTER,128,1.27696254728733,0.2632663708112417,0.52783203125
8,REVEALED_REVERSAL,ACRKN_ACTION_ONLY,128,1.9462548836600035,0.2566656460840022,0.52783203125
8,REVEALED_REVERSAL,ACRKN_REALIZED_STATE,128,2.044372724951245,0.2372770056099398,0.52783203125
8,REVEALED_REVERSAL,ACRKN_REVERSAL_REVEALED,128,1.9279937453684397,0.25088049710029736,0.52783203125
8,REVEALED_REVERSAL,GRU_ACTION_ONLY,128,1.9357527316897176,0.24074761834344827,0.52783203125
8,REVEALED_REVERSAL,GRU_REALIZED_STATE,128,1.9689354914589785,0.2385792791028507,0.52783203125
8,REVEALED_REVERSAL,TASK_AWARE_PARTICLE_FILTER,128,1.2055399471423243,0.26199406310521395,0.52783203125
9,NO_REVERSAL,ACRKN_ACTION_ONLY,128,7.328216069145128,0.0010165239164052764,0.4969482421875
9,NO_REVERSAL,ACRKN_REALIZED_STATE,128,7.328834699117579,0.0010417743378638988,0.4969482421875
9,NO_REVERSAL,ACRKN_REVERSAL_REVEALED,128,7.328707363689318,0.0010420878024888225,0.4969482421875
9,NO_REVERSAL,GRU_ACTION_ONLY,128,0.7648071932489984,0.1444691313081421,0.4969482421875
9,NO_REVERSAL,GRU_REALIZED_STATE,128,0.8400544959586114,0.14220947271678597,0.4969482421875
9,NO_REVERSAL,TASK_AWARE_PARTICLE_FILTER,128,0.6708812622771148,0.1115034581027903,0.4969482421875
9,HIDDEN_REVERSAL,ACRKN_ACTION_ONLY,128,8.872120304964483,0.0010162543339902186,0.47900390625
9,HIDDEN_REVERSAL,ACRKN_REALIZED_STATE,128,8.871927283355035,0.00104734925662342,0.47900390625
9,HIDDEN_REVERSAL,ACRKN_REVERSAL_REVEALED,128,8.873110694577917,0.0010502222739887657,0.47900390625
9,HIDDEN_REVERSAL,GRU_ACTION_ONLY,128,1.3433253698167391,0.2793213493278017,0.47900390625
9,HIDDEN_REVERSAL,GRU_REALIZED_STATE,128,1.3470834555337206,0.29510585858952254,0.47900390625
9,HIDDEN_REVERSAL,TASK_AWARE_PARTICLE_FILTER,128,1.1759818957409707,0.2773775032104534,0.47900390625
9,REVEALED_REVERSAL,ACRKN_ACTION_ONLY,128,8.872120304964483,0.0010162543339902186,0.47900390625
9,REVEALED_REVERSAL,ACRKN_REALIZED_STATE,128,8.871927283355035,0.00104734925662342,0.47900390625
9,REVEALED_REVERSAL,ACRKN_REVERSAL_REVEALED,128,8.872033580904827,0.0010477663981873775,0.47900390625
9,REVEALED_REVERSAL,GRU_ACTION_ONLY,128,1.3433253698167391,0.2793213493278017,0.47900390625
9,REVEALED_REVERSAL,GRU_REALIZED_STATE,128,1.3470834555337206,0.29510585858952254,0.47900390625
9,REVEALED_REVERSAL,TASK_AWARE_PARTICLE_FILTER,128,1.170294302237135,0.27577543748602373,0.47900390625
10,NO_REVERSAL,ACRKN_ACTION_ONLY,128,0.9812602689489722,0.16346943684038706,0.536865234375
10,NO_REVERSAL,ACRKN_REALIZED_STATE,128,0.995353692327626,0.1446857538394397,0.536865234375
10,NO_REVERSAL,ACRKN_REVERSAL_REVEALED,128,1.0469718135427684,0.14551506179850549,0.536865234375
10,NO_REVERSAL,GRU_ACTION_ONLY,128,0.9844427749630995,0.161449094353884,0.536865234375
10,NO_REVERSAL,GRU_REALIZED_STATE,128,0.9386783099616878,0.1507479249703465,0.536865234375
10,NO_REVERSAL,TASK_AWARE_PARTICLE_FILTER,128,0.7259944345447923,0.11809266208949978,0.536865234375
10,HIDDEN_REVERSAL,ACRKN_ACTION_ONLY,128,2.067122991196811,0.2757503009706852,0.49755859375
10,HIDDEN_REVERSAL,ACRKN_REALIZED_STATE,128,2.1179453072836623,0.25880582378886174,0.49755859375
10,HIDDEN_REVERSAL,ACRKN_REVERSAL_REVEALED,128,2.5706419117050245,0.2792840620386414,0.49755859375
10,HIDDEN_REVERSAL,GRU_ACTION_ONLY,128,1.9899112257407978,0.2790932581483503,0.49755859375
10,HIDDEN_REVERSAL,GRU_REALIZED_STATE,128,1.983583135792287,0.28939125263423193,0.49755859375
10,HIDDEN_REVERSAL,TASK_AWARE_PARTICLE_FILTER,128,1.4762241722133695,0.2747143254363662,0.49755859375
10,REVEALED_REVERSAL,ACRKN_ACTION_ONLY,128,2.067122991196811,0.2757503009706852,0.49755859375
10,REVEALED_REVERSAL,ACRKN_REALIZED_STATE,128,2.1179453072836623,0.25880582378886174,0.49755859375
10,REVEALED_REVERSAL,ACRKN_REVERSAL_REVEALED,128,2.1551084228558466,0.2539032370550558,0.49755859375
10,REVEALED_REVERSAL,GRU_ACTION_ONLY,128,1.9899112257407978,0.2790932581483503,0.49755859375
10,REVEALED_REVERSAL,GRU_REALIZED_STATE,128,1.983583135792287,0.28939125263423193,0.49755859375
10,REVEALED_REVERSAL,TASK_AWARE_PARTICLE_FILTER,128,1.4138017432740346,0.27750285806359654,0.49755859375
11,NO_REVERSAL,ACRKN_ACTION_ONLY,128,0.9743984996166546,0.12306080269627273,0.49560546875
11,NO_REVERSAL,ACRKN_REALIZED_STATE,128,1.0752490926533937,0.12321847697603516,0.49560546875
11,NO_REVERSAL,ACRKN_REVERSAL_REVEALED,128,1.479374364076648,0.09302896739973221,0.49560546875
11,NO_REVERSAL,GRU_ACTION_ONLY,128,0.9071764133113902,0.1565416704688687,0.49560546875
11,NO_REVERSAL,GRU_REALIZED_STATE,128,0.7948112640588079,0.13646009025978856,0.49560546875
11,NO_REVERSAL,TASK_AWARE_PARTICLE_FILTER,128,0.7327676652195154,0.11331119044103918,0.49560546875
11,HIDDEN_REVERSAL,ACRKN_ACTION_ONLY,128,2.670387263468001,0.20389328885357827,0.520263671875
11,HIDDEN_REVERSAL,ACRKN_REALIZED_STATE,128,3.0264021588955075,0.1688331059704069,0.520263671875
11,HIDDEN_REVERSAL,ACRKN_REVERSAL_REVEALED,128,4.224048059666529,0.15930766536621377,0.520263671875
11,HIDDEN_REVERSAL,GRU_ACTION_ONLY,128,2.046039536886383,0.2798372810066212,0.520263671875
11,HIDDEN_REVERSAL,GRU_REALIZED_STATE,128,2.1238958117901348,0.2833472037455067,0.520263671875
11,HIDDEN_REVERSAL,TASK_AWARE_PARTICLE_FILTER,128,1.6206770131581394,0.27488870340420474,0.520263671875
11,REVEALED_REVERSAL,ACRKN_ACTION_ONLY,128,2.670387263468001,0.20389328885357827,0.520263671875
11,REVEALED_REVERSAL,ACRKN_REALIZED_STATE,128,3.0264021588955075,0.1688331059704069,0.520263671875
11,REVEALED_REVERSAL,ACRKN_REVERSAL_REVEALED,128,3.5752177801332437,0.13477777206571773,0.520263671875
11,REVEALED_REVERSAL,GRU_ACTION_ONLY,128,2.046039536886383,0.2798372810066212,0.520263671875
11,REVEALED_REVERSAL,GRU_REALIZED_STATE,128,2.1238958117901348,0.2833472037455067,0.520263671875
11,REVEALED_REVERSAL,TASK_AWARE_PARTICLE_FILTER,128,1.5235763711310222,0.27430617378424627,0.520263671875
12,NO_REVERSAL,ACRKN_ACTION_ONLY,128,0.8853868093865458,0.1576412531285314,0.49853515625
12,NO_REVERSAL,ACRKN_REALIZED_STATE,128,0.9379598252126016,0.13193788600619882,0.49853515625
12,NO_REVERSAL,ACRKN_REVERSAL_REVEALED,128,1.0765265567461029,0.16260546186822467,0.49853515625
12,NO_REVERSAL,GRU_ACTION_ONLY,128,0.6667825331678614,0.1501291592430789,0.49853515625
12,NO_REVERSAL,GRU_REALIZED_STATE,128,0.6406092230172362,0.1516362832626328,0.49853515625
12,NO_REVERSAL,TASK_AWARE_PARTICLE_FILTER,128,0.5857782584729512,0.12018889752551384,0.49853515625
12,HIDDEN_REVERSAL,ACRKN_ACTION_ONLY,128,2.2580975492019206,0.2546834843524266,0.50244140625
12,HIDDEN_REVERSAL,ACRKN_REALIZED_STATE,128,2.3237696128780954,0.23653972600732232,0.50244140625
12,HIDDEN_REVERSAL,ACRKN_REVERSAL_REVEALED,128,4.890414104098454,0.3651513896184042,0.50244140625
12,HIDDEN_REVERSAL,GRU_ACTION_ONLY,128,1.9669844657182693,0.26689072776935063,0.50244140625
12,HIDDEN_REVERSAL,GRU_REALIZED_STATE,128,1.8558981453534216,0.29541401111055166,0.50244140625
12,HIDDEN_REVERSAL,TASK_AWARE_PARTICLE_FILTER,128,1.6721325305333963,0.26575339576355594,0.50244140625
12,REVEALED_REVERSAL,ACRKN_ACTION_ONLY,128,2.2580975492019206,0.2546834843524266,0.50244140625
12,REVEALED_REVERSAL,ACRKN_REALIZED_STATE,128,2.3237696128780954,0.23653972600732232,0.50244140625
12,REVEALED_REVERSAL,ACRKN_REVERSAL_REVEALED,128,2.3412937287357636,0.2632427364005707,0.50244140625
12,REVEALED_REVERSAL,GRU_ACTION_ONLY,128,1.9669844657182693,0.26689072776935063,0.50244140625
12,REVEALED_REVERSAL,GRU_REALIZED_STATE,128,1.8558981453534216,0.29541401111055166,0.50244140625
12,REVEALED_REVERSAL,TASK_AWARE_PARTICLE_FILTER,128,1.7143412341208668,0.26819215447462263,0.50244140625
13,NO_REVERSAL,ACRKN_ACTION_ONLY,128,1.25020799174672,0.1340802009217441,0.47265625
13,NO_REVERSAL,ACRKN_REALIZED_STATE,128,1.653714670566842,0.13865971466293558,0.47265625
13,NO_REVERSAL,ACRKN_REVERSAL_REVEALED,128,0.8803883850923739,0.14377478195820004,0.47265625
13,NO_REVERSAL,GRU_ACTION_ONLY,128,0.7000362851831596,0.14368322541122325,0.47265625
13,NO_REVERSAL,GRU_REALIZED_STATE,128,0.7333904304396128,0.13488194200908765,0.47265625
13,NO_REVERSAL,TASK_AWARE_PARTICLE_FILTER,128,0.5266267309877088,0.113560374777637,0.47265625
13,HIDDEN_REVERSAL,ACRKN_ACTION_ONLY,128,2.430832316924352,0.2099364260211587,0.48486328125
13,HIDDEN_REVERSAL,ACRKN_REALIZED_STATE,128,2.931617743219249,0.24390985537320375,0.48486328125
13,HIDDEN_REVERSAL,ACRKN_REVERSAL_REVEALED,128,2.8658243559184484,0.2746093044988811,0.48486328125
13,HIDDEN_REVERSAL,GRU_ACTION_ONLY,128,1.9077457986422814,0.24494053045054898,0.48486328125
13,HIDDEN_REVERSAL,GRU_REALIZED_STATE,128,1.9198312702937983,0.25269184677745216,0.48486328125
13,HIDDEN_REVERSAL,TASK_AWARE_PARTICLE_FILTER,128,1.2963702242267172,0.27247617151493897,0.48486328125
13,REVEALED_REVERSAL,ACRKN_ACTION_ONLY,128,2.430832316924352,0.2099364260211587,0.48486328125
13,REVEALED_REVERSAL,ACRKN_REALIZED_STATE,128,2.931617743219249,0.24390985537320375,0.48486328125
13,REVEALED_REVERSAL,ACRKN_REVERSAL_REVEALED,128,2.0410257835756056,0.23865834306343459,0.48486328125
13,REVEALED_REVERSAL,GRU_ACTION_ONLY,128,1.9077457986422814,0.24494053045054898,0.48486328125
13,REVEALED_REVERSAL,GRU_REALIZED_STATE,128,1.9198312702937983,0.25269184677745216,0.48486328125
13,REVEALED_REVERSAL,TASK_AWARE_PARTICLE_FILTER,128,1.2548845267922268,0.2587697966883679,0.48486328125
14,NO_REVERSAL,ACRKN_ACTION_ONLY,128,1.5754389190115035,0.11550933586840983,0.513671875
14,NO_REVERSAL,ACRKN_REALIZED_STATE,128,1.6256231717416085,0.09153973735374166,0.513671875
14,NO_REVERSAL,ACRKN_REVERSAL_REVEALED,128,1.4931416395993438,0.11288822775532026,0.513671875
14,NO_REVERSAL,GRU_ACTION_ONLY,128,1.2311882992216852,0.14439060419681482,0.513671875
14,NO_REVERSAL,GRU_REALIZED_STATE,128,1.2667694132542238,0.13115789645235054,0.513671875
14,NO_REVERSAL,TASK_AWARE_PARTICLE_FILTER,128,1.015494905916154,0.1181174947133848,0.513671875
14,HIDDEN_REVERSAL,ACRKN_ACTION_ONLY,128,2.4382075576577336,0.17028285836568102,0.5106201171875
14,HIDDEN_REVERSAL,ACRKN_REALIZED_STATE,128,2.485971869115019,0.15462732774903998,0.5106201171875
14,HIDDEN_REVERSAL,ACRKN_REVERSAL_REVEALED,128,2.823292311280966,0.18801005146815442,0.5106201171875
14,HIDDEN_REVERSAL,GRU_ACTION_ONLY,128,1.937952057691291,0.23622843605699018,0.5106201171875
14,HIDDEN_REVERSAL,GRU_REALIZED_STATE,128,1.96112031879602,0.22791080333990976,0.5106201171875
14,HIDDEN_REVERSAL,TASK_AWARE_PARTICLE_FILTER,128,1.430561544834254,0.26917543733805027,0.5106201171875
14,REVEALED_REVERSAL,ACRKN_ACTION_ONLY,128,2.4382075576577336,0.17028285836568102,0.5106201171875
14,REVEALED_REVERSAL,ACRKN_REALIZED_STATE,128,2.485971869115019,0.15462732774903998,0.5106201171875
14,REVEALED_REVERSAL,ACRKN_REVERSAL_REVEALED,128,2.3460598559468053,0.16754368841066025,0.5106201171875
14,REVEALED_REVERSAL,GRU_ACTION_ONLY,128,1.937952057691291,0.23622843605699018,0.5106201171875
14,REVEALED_REVERSAL,GRU_REALIZED_STATE,128,1.96112031879602,0.22791080333990976,0.5106201171875
14,REVEALED_REVERSAL,TASK_AWARE_PARTICLE_FILTER,128,1.3056933872733827,0.27134533059158394,0.5106201171875
15,NO_REVERSAL,ACRKN_ACTION_ONLY,128,0.9114306450937875,0.15520360090886243,0.5032958984375
15,NO_REVERSAL,ACRKN_REALIZED_STATE,128,0.9203501436859369,0.15055416052928194,0.5032958984375
15,NO_REVERSAL,ACRKN_REVERSAL_REVEALED,128,0.8330493908142671,0.15180053119547665,0.5032958984375
15,NO_REVERSAL,GRU_ACTION_ONLY,128,0.6602027760818601,0.15922217088518664,0.5032958984375
15,NO_REVERSAL,GRU_REALIZED_STATE,128,0.6982450713112485,0.15536224079551175,0.5032958984375
15,NO_REVERSAL,TASK_AWARE_PARTICLE_FILTER,128,0.5998972348187093,0.11473547968392735,0.5032958984375
15,HIDDEN_REVERSAL,ACRKN_ACTION_ONLY,128,1.9667645430890843,0.24304297218623105,0.5093994140625
15,HIDDEN_REVERSAL,ACRKN_REALIZED_STATE,128,1.8953272762009874,0.26821180119441124,0.5093994140625
15,HIDDEN_REVERSAL,ACRKN_REVERSAL_REVEALED,128,1.9863504266832024,0.24974092180491425,0.5093994140625
15,HIDDEN_REVERSAL,GRU_ACTION_ONLY,128,1.6526425564079545,0.261853364383569,0.5093994140625
15,HIDDEN_REVERSAL,GRU_REALIZED_STATE,128,1.6402124314336106,0.28905044877319597,0.5093994140625
15,HIDDEN_REVERSAL,TASK_AWARE_PARTICLE_FILTER,128,1.4116062136508,0.2709837456009657,0.5093994140625
15,REVEALED_REVERSAL,ACRKN_ACTION_ONLY,128,1.9667645430890843,0.24304297218623105,0.5093994140625
15,REVEALED_REVERSAL,ACRKN_REALIZED_STATE,128,1.8953272762009874,0.26821180119441124,0.5093994140625
15,REVEALED_REVERSAL,ACRKN_REVERSAL_REVEALED,128,1.8474286973942071,0.24261577939614654,0.5093994140625
15,REVEALED_REVERSAL,GRU_ACTION_ONLY,128,1.6526425564079545,0.261853364383569,0.5093994140625
15,REVEALED_REVERSAL,GRU_REALIZED_STATE,128,1.6402124314336106,0.28905044877319597,0.5093994140625
15,REVEALED_REVERSAL,TASK_AWARE_PARTICLE_FILTER,128,1.3250024430410625,0.2667037082984228,0.5093994140625
16,NO_REVERSAL,ACRKN_ACTION_ONLY,128,0.9454720081412233,0.12229305140499491,0.510498046875
16,NO_REVERSAL,ACRKN_REALIZED_STATE,128,0.9380714247236028,0.1320415231748484,0.510498046875
16,NO_REVERSAL,ACRKN_REVERSAL_REVEALED,128,1.0191191312042065,0.11074445809936151,0.510498046875
16,NO_REVERSAL,GRU_ACTION_ONLY,128,0.8344860695942771,0.14185980675392784,0.510498046875
16,NO_REVERSAL,GRU_REALIZED_STATE,128,0.8137187868705951,0.13117709154903423,0.510498046875
16,NO_REVERSAL,TASK_AWARE_PARTICLE_FILTER,128,0.5763988233444315,0.11243210731045827,0.510498046875
16,HIDDEN_REVERSAL,ACRKN_ACTION_ONLY,128,1.7963118432089686,0.19745224669168238,0.497314453125
16,HIDDEN_REVERSAL,ACRKN_REALIZED_STATE,128,1.8232463180320337,0.20831859999452718,0.497314453125
16,HIDDEN_REVERSAL,ACRKN_REVERSAL_REVEALED,128,4.09630860411562,0.2731352241244167,0.497314453125
16,HIDDEN_REVERSAL,GRU_ACTION_ONLY,128,1.5067975658457726,0.2374553514382569,0.497314453125
16,HIDDEN_REVERSAL,GRU_REALIZED_STATE,128,1.551744613563642,0.23703263513743877,0.497314453125
16,HIDDEN_REVERSAL,TASK_AWARE_PARTICLE_FILTER,128,1.223582154209947,0.2614030478814135,0.497314453125
16,REVEALED_REVERSAL,ACRKN_ACTION_ONLY,128,1.7963118432089686,0.19745224669168238,0.497314453125
16,REVEALED_REVERSAL,ACRKN_REALIZED_STATE,128,1.8232463180320337,0.20831859999452718,0.497314453125
16,REVEALED_REVERSAL,ACRKN_REVERSAL_REVEALED,128,1.8968690069159493,0.1834037623630138,0.497314453125
16,REVEALED_REVERSAL,GRU_ACTION_ONLY,128,1.5067975658457726,0.2374553514382569,0.497314453125
16,REVEALED_REVERSAL,GRU_REALIZED_STATE,128,1.551744613563642,0.23703263513743877,0.497314453125
16,REVEALED_REVERSAL,TASK_AWARE_PARTICLE_FILTER,128,1.1634340144933826,0.2567452860604626,0.497314453125
17,NO_REVERSAL,ACRKN_ACTION_ONLY,128,0.9857793222181499,0.15170255287375767,0.5137939453125
17,NO_REVERSAL,ACRKN_REALIZED_STATE,128,1.3040298161504325,0.1371106337319361,0.5137939453125
17,NO_REVERSAL,ACRKN_REVERSAL_REVEALED,128,1.180542357644299,0.13407935693248874,0.5137939453125
17,NO_REVERSAL,GRU_ACTION_ONLY,128,1.2575696790008806,0.1445861815882381,0.5137939453125
17,NO_REVERSAL,GRU_REALIZED_STATE,128,1.2573375851206947,0.1300624754439923,0.5137939453125
17,NO_REVERSAL,TASK_AWARE_PARTICLE_FILTER,128,0.997454762062987,0.1193981670412534,0.5137939453125
17,HIDDEN_REVERSAL,ACRKN_ACTION_ONLY,128,2.0110132129047997,0.2746304795437027,0.517578125
17,HIDDEN_REVERSAL,ACRKN_REALIZED_STATE,128,1.8169851112179458,0.2805820000357926,0.517578125
17,HIDDEN_REVERSAL,ACRKN_REVERSAL_REVEALED,128,3.778145589691121,0.33437956852139905,0.517578125
17,HIDDEN_REVERSAL,GRU_ACTION_ONLY,128,1.8849912231089547,0.25671508771483786,0.517578125
17,HIDDEN_REVERSAL,GRU_REALIZED_STATE,128,1.8160791548725683,0.26057569243130274,0.517578125
17,HIDDEN_REVERSAL,TASK_AWARE_PARTICLE_FILTER,128,1.512176718220536,0.2826772331421712,0.517578125
17,REVEALED_REVERSAL,ACRKN_ACTION_ONLY,128,2.0110132129047997,0.2746304795437027,0.517578125
17,REVEALED_REVERSAL,ACRKN_REALIZED_STATE,128,1.8169851112179458,0.2805820000357926,0.517578125
17,REVEALED_REVERSAL,ACRKN_REVERSAL_REVEALED,128,1.9558264393126592,0.2577734042715747,0.517578125
17,REVEALED_REVERSAL,GRU_ACTION_ONLY,128,1.8849912231089547,0.25671508771483786,0.517578125
17,REVEALED_REVERSAL,GRU_REALIZED_STATE,128,1.8160791548725683,0.26057569243130274,0.517578125
17,REVEALED_REVERSAL,TASK_AWARE_PARTICLE_FILTER,128,1.3783181715627493,0.2763355523333475,0.517578125
18,NO_REVERSAL,ACRKN_ACTION_ONLY,128,1.3682633152930066,0.17633590285549872,0.52294921875
18,NO_REVERSAL,ACRKN_REALIZED_STATE,128,1.2813604970287997,0.13812923472141847,0.52294921875
18,NO_REVERSAL,ACRKN_REVERSAL_REVEALED,128,1.6025822900992353,0.1744717891997425,0.52294921875
18,NO_REVERSAL,GRU_ACTION_ONLY,128,0.9669906786002684,0.15561668445297983,0.52294921875
18,NO_REVERSAL,GRU_REALIZED_STATE,128,1.057916162913898,0.15772546503285412,0.52294921875
18,NO_REVERSAL,TASK_AWARE_PARTICLE_FILTER,128,0.8562393819227312,0.11984573384760762,0.52294921875
18,HIDDEN_REVERSAL,ACRKN_ACTION_ONLY,128,1.6422374830581248,0.28253551496891305,0.48583984375
18,HIDDEN_REVERSAL,ACRKN_REALIZED_STATE,128,1.6436945425812155,0.2580424456100445,0.48583984375
18,HIDDEN_REVERSAL,ACRKN_REVERSAL_REVEALED,128,2.6944785316009074,0.31997885258169845,0.48583984375
18,HIDDEN_REVERSAL,GRU_ACTION_ONLY,128,1.3773032203898765,0.26285688814823516,0.48583984375
18,HIDDEN_REVERSAL,GRU_REALIZED_STATE,128,1.3713124533824157,0.2847036120365374,0.48583984375
18,HIDDEN_REVERSAL,TASK_AWARE_PARTICLE_FILTER,128,1.1058086516269932,0.26153843738403326,0.48583984375
18,REVEALED_REVERSAL,ACRKN_ACTION_ONLY,128,1.6422374830581248,0.28253551496891305,0.48583984375
18,REVEALED_REVERSAL,ACRKN_REALIZED_STATE,128,1.6436945425812155,0.2580424456100445,0.48583984375
18,REVEALED_REVERSAL,ACRKN_REVERSAL_REVEALED,128,1.674711892788764,0.2663770993385697,0.48583984375
18,REVEALED_REVERSAL,GRU_ACTION_ONLY,128,1.3773032203898765,0.26285688814823516,0.48583984375
18,REVEALED_REVERSAL,GRU_REALIZED_STATE,128,1.3713124533824157,0.2847036120365374,0.48583984375
18,REVEALED_REVERSAL,TASK_AWARE_PARTICLE_FILTER,128,1.0646644547069957,0.2596101876976977,0.48583984375
19,NO_REVERSAL,ACRKN_ACTION_ONLY,128,0.8300126212416217,0.1524849317211192,0.519775390625
19,NO_REVERSAL,ACRKN_REALIZED_STATE,128,1.2997250751359388,0.08647269618086284,0.519775390625
19,NO_REVERSAL,ACRKN_REVERSAL_REVEALED,128,1.0056451518903486,0.16188962265732698,0.519775390625
19,NO_REVERSAL,GRU_ACTION_ONLY,128,0.7182977618649602,0.15452787524554878,0.519775390625
19,NO_REVERSAL,GRU_REALIZED_STATE,128,0.6813988871581387,0.14722964701650199,0.519775390625
19,NO_REVERSAL,TASK_AWARE_PARTICLE_FILTER,128,0.6019253142019557,0.11664945144935213,0.519775390625
19,HIDDEN_REVERSAL,ACRKN_ACTION_ONLY,128,2.3383560305228457,0.25073895006789826,0.4903564453125
19,HIDDEN_REVERSAL,ACRKN_REALIZED_STATE,128,3.0149294497678056,0.17048353190693888,0.4903564453125
19,HIDDEN_REVERSAL,ACRKN_REVERSAL_REVEALED,128,2.322272421675734,0.2746033655566862,0.4903564453125
19,HIDDEN_REVERSAL,GRU_ACTION_ONLY,128,2.2054437936167233,0.2618955597281456,0.4903564453125
19,HIDDEN_REVERSAL,GRU_REALIZED_STATE,128,2.1415309546282515,0.2717313759494573,0.4903564453125
19,HIDDEN_REVERSAL,TASK_AWARE_PARTICLE_FILTER,128,1.6746889896404356,0.2717881053261184,0.4903564453125
19,REVEALED_REVERSAL,ACRKN_ACTION_ONLY,128,2.3383560305228457,0.25073895006789826,0.4903564453125
19,REVEALED_REVERSAL,ACRKN_REALIZED_STATE,128,3.0149294497678056,0.17048353190693888,0.4903564453125
19,REVEALED_REVERSAL,ACRKN_REVERSAL_REVEALED,128,2.364304958144203,0.2707586056640139,0.4903564453125
19,REVEALED_REVERSAL,GRU_ACTION_ONLY,128,2.2054437936167233,0.2618955597281456,0.4903564453125
19,REVEALED_REVERSAL,GRU_REALIZED_STATE,128,2.1415309546282515,0.2717313759494573,0.4903564453125
19,REVEALED_REVERSAL,TASK_AWARE_PARTICLE_FILTER,128,1.6752863066191335,0.27449331374594005,0.4903564453125
20,NO_REVERSAL,ACRKN_ACTION_ONLY,128,0.8463602849224117,0.13035934010258643,0.514892578125
20,NO_REVERSAL,ACRKN_REALIZED_STATE,128,0.9556595821049996,0.12969067693484249,0.514892578125
20,NO_REVERSAL,ACRKN_REVERSAL_REVEALED,128,0.9433988078963012,0.13171355539816432,0.514892578125
20,NO_REVERSAL,GRU_ACTION_ONLY,128,0.7430285057926085,0.149568887980422,0.514892578125
20,NO_REVERSAL,GRU_REALIZED_STATE,128,0.786039866914507,0.13899546691391151,0.514892578125
20,NO_REVERSAL,TASK_AWARE_PARTICLE_FILTER,128,0.6053160061101922,0.11252949108800868,0.514892578125
20,HIDDEN_REVERSAL,ACRKN_ACTION_ONLY,128,2.030314659787109,0.24513974788715132,0.4842529296875
20,HIDDEN_REVERSAL,ACRKN_REALIZED_STATE,128,2.1361107303819153,0.2641900515300222,0.4842529296875
20,HIDDEN_REVERSAL,ACRKN_REVERSAL_REVEALED,128,5.995119656901807,0.3705160031677224,0.4842529296875
20,HIDDEN_REVERSAL,GRU_ACTION_ONLY,128,1.902755161630921,0.2741046940209344,0.4842529296875
20,HIDDEN_REVERSAL,GRU_REALIZED_STATE,128,1.9291874536429532,0.27258791189524345,0.4842529296875
20,HIDDEN_REVERSAL,TASK_AWARE_PARTICLE_FILTER,128,1.6268186080504443,0.28928316699983325,0.4842529296875
20,REVEALED_REVERSAL,ACRKN_ACTION_ONLY,128,2.030314659787109,0.24513974788715132,0.4842529296875
20,REVEALED_REVERSAL,ACRKN_REALIZED_STATE,128,2.1361107303819153,0.2641900515300222,0.4842529296875
20,REVEALED_REVERSAL,ACRKN_REVERSAL_REVEALED,128,2.212944773462368,0.24663809000048786,0.4842529296875
20,REVEALED_REVERSAL,GRU_ACTION_ONLY,128,1.902755161630921,0.2741046940209344,0.4842529296875
20,REVEALED_REVERSAL,GRU_REALIZED_STATE,128,1.9291874536429532,0.27258791189524345,0.4842529296875
20,REVEALED_REVERSAL,TASK_AWARE_PARTICLE_FILTER,128,1.5294775552476136,0.2784267111750415,0.4842529296875
21,NO_REVERSAL,ACRKN_ACTION_ONLY,128,1.475343223195523,0.1331062581302831,0.5093994140625
21,NO_REVERSAL,ACRKN_REALIZED_STATE,128,1.3715508726309054,0.12328457002877258,0.5093994140625
21,NO_REVERSAL,ACRKN_REVERSAL_REVEALED,128,1.4766313344007358,0.11535850226937328,0.5093994140625
21,NO_REVERSAL,GRU_ACTION_ONLY,128,0.9636934747104533,0.1455143511411734,0.5093994140625
21,NO_REVERSAL,GRU_REALIZED_STATE,128,0.9678848078183364,0.13735821862064768,0.5093994140625
21,NO_REVERSAL,TASK_AWARE_PARTICLE_FILTER,128,0.7543500430273312,0.11914633752933719,0.5093994140625
21,HIDDEN_REVERSAL,ACRKN_ACTION_ONLY,128,2.1631815238506533,0.19243382861895952,0.4935302734375
21,HIDDEN_REVERSAL,ACRKN_REALIZED_STATE,128,2.0973276901931968,0.2017390844412148,0.4935302734375
21,HIDDEN_REVERSAL,ACRKN_REVERSAL_REVEALED,128,2.630034471745603,0.20309945387998596,0.4935302734375
21,HIDDEN_REVERSAL,GRU_ACTION_ONLY,128,1.6113581818062812,0.24394369110814296,0.4935302734375
21,HIDDEN_REVERSAL,GRU_REALIZED_STATE,128,1.5418526078283321,0.26097659836523235,0.4935302734375
21,HIDDEN_REVERSAL,TASK_AWARE_PARTICLE_FILTER,128,1.223397657128736,0.26250255156467184,0.4935302734375
21,REVEALED_REVERSAL,ACRKN_ACTION_ONLY,128,2.1631815238506533,0.19243382861895952,0.4935302734375
21,REVEALED_REVERSAL,ACRKN_REALIZED_STATE,128,2.0973276901931968,0.2017390844412148,0.4935302734375
21,REVEALED_REVERSAL,ACRKN_REVERSAL_REVEALED,128,2.2624456609482877,0.1849245525081642,0.4935302734375
21,REVEALED_REVERSAL,GRU_ACTION_ONLY,128,1.6113581818062812,0.24394369110814296,0.4935302734375
21,REVEALED_REVERSAL,GRU_REALIZED_STATE,128,1.5418526078283321,0.26097659836523235,0.4935302734375
21,REVEALED_REVERSAL,TASK_AWARE_PARTICLE_FILTER,128,1.1331927001795905,0.25571637849892365,0.4935302734375
22,NO_REVERSAL,ACRKN_ACTION_ONLY,128,1.7624597788671963,0.1988266546104569,0.524169921875
22,NO_REVERSAL,ACRKN_REALIZED_STATE,128,1.1543396686320193,0.1246437416812114,0.524169921875
22,NO_REVERSAL,ACRKN_REVERSAL_REVEALED,128,1.158785136503866,0.1448920400434872,0.524169921875
22,NO_REVERSAL,GRU_ACTION_ONLY,128,0.925572471547639,0.1595033681296627,0.524169921875
22,NO_REVERSAL,GRU_REALIZED_STATE,128,0.8859264251368586,0.15069929745368427,0.524169921875
22,NO_REVERSAL,TASK_AWARE_PARTICLE_FILTER,128,0.6464180938752047,0.11708446885392843,0.524169921875
22,HIDDEN_REVERSAL,ACRKN_ACTION_ONLY,128,2.49069624976255,0.29069398567662574,0.4840087890625
22,HIDDEN_REVERSAL,ACRKN_REALIZED_STATE,128,2.5044150088215247,0.2488390434446046,0.4840087890625
22,HIDDEN_REVERSAL,ACRKN_REVERSAL_REVEALED,128,3.8732885849894956,0.304749506234657,0.4840087890625
22,HIDDEN_REVERSAL,GRU_ACTION_ONLY,128,2.1291888337000273,0.27913176256697625,0.4840087890625
22,HIDDEN_REVERSAL,GRU_REALIZED_STATE,128,2.014269082224928,0.30137059607659467,0.4840087890625
22,HIDDEN_REVERSAL,TASK_AWARE_PARTICLE_FILTER,128,1.5688344627837822,0.28626084652561595,0.4840087890625
22,REVEALED_REVERSAL,ACRKN_ACTION_ONLY,128,2.49069624976255,0.29069398567662574,0.4840087890625
22,REVEALED_REVERSAL,ACRKN_REALIZED_STATE,128,2.5044150088215247,0.2488390434446046,0.4840087890625
22,REVEALED_REVERSAL,ACRKN_REVERSAL_REVEALED,128,2.535349177196622,0.25074724515434355,0.4840087890625
22,REVEALED_REVERSAL,GRU_ACTION_ONLY,128,2.1291888337000273,0.27913176256697625,0.4840087890625
22,REVEALED_REVERSAL,GRU_REALIZED_STATE,128,2.014269082224928,0.30137059607659467,0.4840087890625
22,REVEALED_REVERSAL,TASK_AWARE_PARTICLE_FILTER,128,1.623580866111968,0.27695030000124216,0.4840087890625
23,NO_REVERSAL,ACRKN_ACTION_ONLY,128,1.050929472563439,0.12464712414657697,0.5179443359375
23,NO_REVERSAL,ACRKN_REALIZED_STATE,128,1.0915040121180937,0.1274112169048749,0.5179443359375
23,NO_REVERSAL,ACRKN_REVERSAL_REVEALED,128,1.0969211616902612,0.14110977930249646,0.5179443359375
23,NO_REVERSAL,GRU_ACTION_ONLY,128,0.794830770289991,0.14870717166922987,0.5179443359375
23,NO_REVERSAL,GRU_REALIZED_STATE,128,0.7885804116376676,0.15556523179111537,0.5179443359375
23,NO_REVERSAL,TASK_AWARE_PARTICLE_FILTER,128,0.6889661324488874,0.11453790159780536,0.5179443359375
23,HIDDEN_REVERSAL,ACRKN_ACTION_ONLY,128,2.558685913332738,0.18757825760985725,0.5159912109375
23,HIDDEN_REVERSAL,ACRKN_REALIZED_STATE,128,2.5467055829940364,0.1876122774265241,0.5159912109375
23,HIDDEN_REVERSAL,ACRKN_REVERSAL_REVEALED,128,4.033582619624212,0.2789691728539765,0.5159912109375
23,HIDDEN_REVERSAL,GRU_ACTION_ONLY,128,1.834355853847228,0.2681623507232871,0.5159912109375
23,HIDDEN_REVERSAL,GRU_REALIZED_STATE,128,1.844261399761308,0.2843785666045733,0.5159912109375
23,HIDDEN_REVERSAL,TASK_AWARE_PARTICLE_FILTER,128,1.4887608627627444,0.2813314234287444,0.5159912109375
23,REVEALED_REVERSAL,ACRKN_ACTION_ONLY,128,2.558685913332738,0.18757825760985725,0.5159912109375
23,REVEALED_REVERSAL,ACRKN_REALIZED_STATE,128,2.5467055829940364,0.1876122774265241,0.5159912109375
23,REVEALED_REVERSAL,ACRKN_REVERSAL_REVEALED,128,2.328422678518109,0.21541965563665144,0.5159912109375
23,REVEALED_REVERSAL,GRU_ACTION_ONLY,128,1.834355853847228,0.2681623507232871,0.5159912109375
23,REVEALED_REVERSAL,GRU_REALIZED_STATE,128,1.844261399761308,0.2843785666045733,0.5159912109375
23,REVEALED_REVERSAL,TASK_AWARE_PARTICLE_FILTER,128,1.408090163120328,0.27523271325973786,0.5159912109375
24,NO_REVERSAL,ACRKN_ACTION_ONLY,128,0.9095004759728909,0.1567554997309344,0.5086669921875
24,NO_REVERSAL,ACRKN_REALIZED_STATE,128,0.9774773145327345,0.14925217710697325,0.5086669921875
24,NO_REVERSAL,ACRKN_REVERSAL_REVEALED,128,1.1281473721610382,0.1632015601353487,0.5086669921875
24,NO_REVERSAL,GRU_ACTION_ONLY,128,0.838158474129159,0.17845717951422557,0.5086669921875
24,NO_REVERSAL,GRU_REALIZED_STATE,128,0.8124446231522597,0.1729364355414873,0.5086669921875
24,NO_REVERSAL,TASK_AWARE_PARTICLE_FILTER,128,0.610481310191405,0.1169319267492239,0.5086669921875
24,HIDDEN_REVERSAL,ACRKN_ACTION_ONLY,128,2.0609292902518064,0.2535542442346923,0.5054931640625
24,HIDDEN_REVERSAL,ACRKN_REALIZED_STATE,128,2.244478329026606,0.2583056302537443,0.5054931640625
24,HIDDEN_REVERSAL,ACRKN_REVERSAL_REVEALED,128,2.191278875223361,0.24865781823609723,0.5054931640625
24,HIDDEN_REVERSAL,GRU_ACTION_ONLY,128,1.7992255018325523,0.2879261971102096,0.5054931640625
24,HIDDEN_REVERSAL,GRU_REALIZED_STATE,128,1.8404336711973883,0.2949295833823271,0.5054931640625
24,HIDDEN_REVERSAL,TASK_AWARE_PARTICLE_FILTER,128,1.2709411024212587,0.25648660535538353,0.5054931640625
24,REVEALED_REVERSAL,ACRKN_ACTION_ONLY,128,2.0609292902518064,0.2535542442346923,0.5054931640625
24,REVEALED_REVERSAL,ACRKN_REALIZED_STATE,128,2.244478329026606,0.2583056302537443,0.5054931640625
24,REVEALED_REVERSAL,ACRKN_REVERSAL_REVEALED,128,2.042750773136504,0.24184656565194018,0.5054931640625
24,REVEALED_REVERSAL,GRU_ACTION_ONLY,128,1.7992255018325523,0.2879261971102096,0.5054931640625
24,REVEALED_REVERSAL,GRU_REALIZED_STATE,128,1.8404336711973883,0.2949295833823271,0.5054931640625
24,REVEALED_REVERSAL,TASK_AWARE_PARTICLE_FILTER,128,1.2418837318716267,0.2548327053429982,0.5054931640625
25,NO_REVERSAL,ACRKN_ACTION_ONLY,128,0.9378981996560469,0.15423608796845656,0.4996337890625
25,NO_REVERSAL,ACRKN_REALIZED_STATE,128,0.965157876140438,0.14854507733980427,0.4996337890625
25,NO_REVERSAL,ACRKN_REVERSAL_REVEALED,128,0.9334519944095518,0.15599142380233388,0.4996337890625
25,NO_REVERSAL,GRU_ACTION_ONLY,128,0.794707734748954,0.17184853280195966,0.4996337890625
25,NO_REVERSAL,GRU_REALIZED_STATE,128,0.7732489886693656,0.16954527047346346,0.4996337890625
25,NO_REVERSAL,TASK_AWARE_PARTICLE_FILTER,128,0.704339523843795,0.12794469073075937,0.4996337890625
25,HIDDEN_REVERSAL,ACRKN_ACTION_ONLY,128,1.7926147787366062,0.23097064773901366,0.50537109375
25,HIDDEN_REVERSAL,ACRKN_REALIZED_STATE,128,1.776333253888879,0.2370605697724386,0.50537109375
25,HIDDEN_REVERSAL,ACRKN_REVERSAL_REVEALED,128,2.7947067251079716,0.30457655736245215,0.50537109375
25,HIDDEN_REVERSAL,GRU_ACTION_ONLY,128,1.4830848376150243,0.28491324570495635,0.50537109375
25,HIDDEN_REVERSAL,GRU_REALIZED_STATE,128,1.5385147772612981,0.2802585287136026,0.50537109375
25,HIDDEN_REVERSAL,TASK_AWARE_PARTICLE_FILTER,128,1.1844686134840807,0.26808783998766983,0.50537109375
25,REVEALED_REVERSAL,ACRKN_ACTION_ONLY,128,1.7926147787366062,0.23097064773901366,0.50537109375
25,REVEALED_REVERSAL,ACRKN_REALIZED_STATE,128,1.776333253888879,0.2370605697724386,0.50537109375
25,REVEALED_REVERSAL,ACRKN_REVERSAL_REVEALED,128,1.810185730457306,0.23308721306966618,0.50537109375
25,REVEALED_REVERSAL,GRU_ACTION_ONLY,128,1.4830848376150243,0.28491324570495635,0.50537109375
25,REVEALED_REVERSAL,GRU_REALIZED_STATE,128,1.5385147772612981,0.2802585287136026,0.50537109375
25,REVEALED_REVERSAL,TASK_AWARE_PARTICLE_FILTER,128,1.2242143721675443,0.26763686629928723,0.50537109375
26,NO_REVERSAL,ACRKN_ACTION_ONLY,128,1.2585513962549157,0.13269000806030817,0.5001220703125
26,NO_REVERSAL,ACRKN_REALIZED_STATE,128,1.2287801569909789,0.13056472051539458,0.5001220703125
26,NO_REVERSAL,ACRKN_REVERSAL_REVEALED,128,1.2552302728581708,0.1119541461521294,0.5001220703125
26,NO_REVERSAL,GRU_ACTION_ONLY,128,0.8561275507381652,0.15537375849089585,0.5001220703125
26,NO_REVERSAL,GRU_REALIZED_STATE,128,0.8750833119702293,0.1498715257330332,0.5001220703125
26,NO_REVERSAL,TASK_AWARE_PARTICLE_FILTER,128,0.7291322976516854,0.11647906583287154,0.5001220703125
26,HIDDEN_REVERSAL,ACRKN_ACTION_ONLY,128,3.3115408873418346,0.20299345217063092,0.5008544921875
26,HIDDEN_REVERSAL,ACRKN_REALIZED_STATE,128,3.3529441267019138,0.19737001886824146,0.5008544921875
26,HIDDEN_REVERSAL,ACRKN_REVERSAL_REVEALED,128,3.6088484522188082,0.1767233025166206,0.5008544921875
26,HIDDEN_REVERSAL,GRU_ACTION_ONLY,128,2.4976337717380375,0.2737984229752328,0.5008544921875
26,HIDDEN_REVERSAL,GRU_REALIZED_STATE,128,2.5212284584413283,0.27544246445177123,0.5008544921875
26,HIDDEN_REVERSAL,TASK_AWARE_PARTICLE_FILTER,128,2.0210617826822697,0.2882114952873748,0.5008544921875
26,REVEALED_REVERSAL,ACRKN_ACTION_ONLY,128,3.3115408873418346,0.20299345217063092,0.5008544921875
26,REVEALED_REVERSAL,ACRKN_REALIZED_STATE,128,3.3529441267019138,0.19737001886824146,0.5008544921875
26,REVEALED_REVERSAL,ACRKN_REVERSAL_REVEALED,128,3.5837400993332267,0.1744715123786591,0.5008544921875
26,REVEALED_REVERSAL,GRU_ACTION_ONLY,128,2.4976337717380375,0.2737984229752328,0.5008544921875
26,REVEALED_REVERSAL,GRU_REALIZED_STATE,128,2.5212284584413283,0.27544246445177123,0.5008544921875
26,REVEALED_REVERSAL,TASK_AWARE_PARTICLE_FILTER,128,1.8857264047854383,0.28440540104848655,0.5008544921875
27,NO_REVERSAL,ACRKN_ACTION_ONLY,128,1.154503894271329,0.159781661357556,0.5054931640625
27,NO_REVERSAL,ACRKN_REALIZED_STATE,128,1.2798316986882128,0.15245518361916766,0.5054931640625
27,NO_REVERSAL,ACRKN_REVERSAL_REVEALED,128,1.2357904866803437,0.16983261563291308,0.5054931640625
27,NO_REVERSAL,GRU_ACTION_ONLY,128,1.1606665708532091,0.16851274586224463,0.5054931640625
27,NO_REVERSAL,GRU_REALIZED_STATE,128,1.065478570992127,0.15504315597354434,0.5054931640625
27,NO_REVERSAL,TASK_AWARE_PARTICLE_FILTER,128,0.7827127547428465,0.11801331563217356,0.5054931640625
27,HIDDEN_REVERSAL,ACRKN_ACTION_ONLY,128,1.7806213368312456,0.25870551280968357,0.4801025390625
27,HIDDEN_REVERSAL,ACRKN_REALIZED_STATE,128,1.9353004257427529,0.21038374431373086,0.4801025390625
27,HIDDEN_REVERSAL,ACRKN_REVERSAL_REVEALED,128,3.7277549963910133,0.36440092709381133,0.4801025390625
27,HIDDEN_REVERSAL,GRU_ACTION_ONLY,128,1.7139395679696463,0.25427133141784,0.4801025390625
27,HIDDEN_REVERSAL,GRU_REALIZED_STATE,128,1.687108307494782,0.2679724915069528,0.4801025390625
27,HIDDEN_REVERSAL,TASK_AWARE_PARTICLE_FILTER,128,1.41798129775475,0.25690811016100956,0.4801025390625
27,REVEALED_REVERSAL,ACRKN_ACTION_ONLY,128,1.7806213368312456,0.25870551280968357,0.4801025390625
27,REVEALED_REVERSAL,ACRKN_REALIZED_STATE,128,1.9353004257427529,0.21038374431373086,0.4801025390625
27,REVEALED_REVERSAL,ACRKN_REVERSAL_REVEALED,128,1.835398485418409,0.24853872375388164,0.4801025390625
27,REVEALED_REVERSAL,GRU_ACTION_ONLY,128,1.7139395679696463,0.25427133141784,0.4801025390625
27,REVEALED_REVERSAL,GRU_REALIZED_STATE,128,1.687108307494782,0.2679724915069528,0.4801025390625
27,REVEALED_REVERSAL,TASK_AWARE_PARTICLE_FILTER,128,1.3232810367519465,0.25264963898586734,0.4801025390625
28,NO_REVERSAL,ACRKN_ACTION_ONLY,128,1.0684913439035881,0.14172622656042222,0.4871826171875
28,NO_REVERSAL,ACRKN_REALIZED_STATE,128,1.1628039989154786,0.15518875923589803,0.4871826171875
28,NO_REVERSAL,ACRKN_REVERSAL_REVEALED,128,1.1522778217913583,0.14066018124867696,0.4871826171875
28,NO_REVERSAL,GRU_ACTION_ONLY,128,0.8590977216663305,0.15782991996093187,0.4871826171875
28,NO_REVERSAL,GRU_REALIZED_STATE,128,0.8675934043712914,0.14120392070617527,0.4871826171875
28,NO_REVERSAL,TASK_AWARE_PARTICLE_FILTER,128,0.694383737895337,0.11558034080328977,0.4871826171875
28,HIDDEN_REVERSAL,ACRKN_ACTION_ONLY,128,2.657074060931336,0.21646741828590166,0.510009765625
28,HIDDEN_REVERSAL,ACRKN_REALIZED_STATE,128,2.569428146467544,0.23973508078051964,0.510009765625
28,HIDDEN_REVERSAL,ACRKN_REVERSAL_REVEALED,128,4.755228899186477,0.26089756132569164,0.510009765625
28,HIDDEN_REVERSAL,GRU_ACTION_ONLY,128,2.2457279432564974,0.2572019706494757,0.510009765625
28,HIDDEN_REVERSAL,GRU_REALIZED_STATE,128,2.1744036428863183,0.27256477158516645,0.510009765625
28,HIDDEN_REVERSAL,TASK_AWARE_PARTICLE_FILTER,128,1.597133657143007,0.26828016602165533,0.510009765625
28,REVEALED_REVERSAL,ACRKN_ACTION_ONLY,128,2.657074060931336,0.21646741828590166,0.510009765625
28,REVEALED_REVERSAL,ACRKN_REALIZED_STATE,128,2.569428146467544,0.23973508078051964,0.510009765625
28,REVEALED_REVERSAL,ACRKN_REVERSAL_REVEALED,128,2.717434842430521,0.21210404089652002,0.510009765625
28,REVEALED_REVERSAL,GRU_ACTION_ONLY,128,2.2457279432564974,0.2572019706494757,0.510009765625
28,REVEALED_REVERSAL,GRU_REALIZED_STATE,128,2.1744036428863183,0.27256477158516645,0.510009765625
28,REVEALED_REVERSAL,TASK_AWARE_PARTICLE_FILTER,128,1.4927592636805609,0.2727283537467271,0.510009765625
29,NO_REVERSAL,ACRKN_ACTION_ONLY,128,0.72337520273868,0.1317963360415888,0.47607421875
29,NO_REVERSAL,ACRKN_REALIZED_STATE,128,0.9445454323431477,0.1468738859257428,0.47607421875
29,NO_REVERSAL,ACRKN_REVERSAL_REVEALED,128,0.9910839322255924,0.15956592099973932,0.47607421875
29,NO_REVERSAL,GRU_ACTION_ONLY,128,0.6579431964200921,0.15179396421444835,0.47607421875
29,NO_REVERSAL,GRU_REALIZED_STATE,128,0.6948740258230828,0.1515464432159206,0.47607421875
29,NO_REVERSAL,TASK_AWARE_PARTICLE_FILTER,128,0.5201761706130639,0.12207054740318837,0.47607421875
29,HIDDEN_REVERSAL,ACRKN_ACTION_ONLY,128,1.5782455816515721,0.2228482952923514,0.4931640625
29,HIDDEN_REVERSAL,ACRKN_REALIZED_STATE,128,1.7405417570844293,0.2544055477483198,0.4931640625
29,HIDDEN_REVERSAL,ACRKN_REVERSAL_REVEALED,128,1.7868610878940672,0.24865608042455278,0.4931640625
29,HIDDEN_REVERSAL,GRU_ACTION_ONLY,128,1.4668626852799207,0.24384619880584069,0.4931640625
29,HIDDEN_REVERSAL,GRU_REALIZED_STATE,128,1.3605637709551957,0.27852358954260126,0.4931640625
29,HIDDEN_REVERSAL,TASK_AWARE_PARTICLE_FILTER,128,1.1371634262101284,0.27188313298884886,0.4931640625
29,REVEALED_REVERSAL,ACRKN_ACTION_ONLY,128,1.5782455816515721,0.2228482952923514,0.4931640625
29,REVEALED_REVERSAL,ACRKN_REALIZED_STATE,128,1.7405417570844293,0.2544055477483198,0.4931640625
29,REVEALED_REVERSAL,ACRKN_REVERSAL_REVEALED,128,2.0148158953525126,0.2721728793112561,0.4931640625
29,REVEALED_REVERSAL,GRU_ACTION_ONLY,128,1.4668626852799207,0.24384619880584069,0.4931640625
29,REVEALED_REVERSAL,GRU_REALIZED_STATE,128,1.3605637709551957,0.27852358954260126,0.4931640625
29,REVEALED_REVERSAL,TASK_AWARE_PARTICLE_FILTER,128,1.1086795093878468,0.2720333717283252,0.4931640625
30,NO_REVERSAL,ACRKN_ACTION_ONLY,128,0.9104800604982302,0.1270542048223433,0.4969482421875
30,NO_REVERSAL,ACRKN_REALIZED_STATE,128,1.027526681078598,0.11729562185064424,0.4969482421875
30,NO_REVERSAL,ACRKN_REVERSAL_REVEALED,128,0.8595722035970539,0.13189098342263605,0.4969482421875
30,NO_REVERSAL,GRU_ACTION_ONLY,128,0.7451827406475786,0.13822921212704387,0.4969482421875
30,NO_REVERSAL,GRU_REALIZED_STATE,128,0.7245422420674004,0.13155402980919462,0.4969482421875
30,NO_REVERSAL,TASK_AWARE_PARTICLE_FILTER,128,0.5807157796740092,0.11133259180672231,0.4969482421875
30,HIDDEN_REVERSAL,ACRKN_ACTION_ONLY,128,2.926658560463693,0.2036989970074501,0.5379638671875
30,HIDDEN_REVERSAL,ACRKN_REALIZED_STATE,128,2.857980343629606,0.2225875680160243,0.5379638671875
30,HIDDEN_REVERSAL,ACRKN_REVERSAL_REVEALED,128,4.987907484115567,0.31055957305943593,0.5379638671875
30,HIDDEN_REVERSAL,GRU_ACTION_ONLY,128,2.5992633827845566,0.2314250217168592,0.5379638671875
30,HIDDEN_REVERSAL,GRU_REALIZED_STATE,128,2.5240604346618056,0.2579462432768196,0.5379638671875
30,HIDDEN_REVERSAL,TASK_AWARE_PARTICLE_FILTER,128,1.955259197671527,0.2629322912608991,0.5379638671875
30,REVEALED_REVERSAL,ACRKN_ACTION_ONLY,128,2.926658560463693,0.2036989970074501,0.5379638671875
30,REVEALED_REVERSAL,ACRKN_REALIZED_STATE,128,2.857980343629606,0.2225875680160243,0.5379638671875
30,REVEALED_REVERSAL,ACRKN_REVERSAL_REVEALED,128,2.992610724235419,0.22313296920037828,0.5379638671875
30,REVEALED_REVERSAL,GRU_ACTION_ONLY,128,2.5992633827845566,0.2314250217168592,0.5379638671875
30,REVEALED_REVERSAL,GRU_REALIZED_STATE,128,2.5240604346618056,0.2579462432768196,0.5379638671875
30,REVEALED_REVERSAL,TASK_AWARE_PARTICLE_FILTER,128,1.8869706046227708,0.25850290695896816,0.5379638671875
31,NO_REVERSAL,ACRKN_ACTION_ONLY,128,1.4110516227665357,0.10833076704875566,0.489501953125
31,NO_REVERSAL,ACRKN_REALIZED_STATE,128,1.2915778129245155,0.10273052720731357,0.489501953125
31,NO_REVERSAL,ACRKN_REVERSAL_REVEALED,128,1.3430575769743882,0.0973552979703527,0.489501953125
31,NO_REVERSAL,GRU_ACTION_ONLY,128,0.7709582190727815,0.14980459766229615,0.489501953125
31,NO_REVERSAL,GRU_REALIZED_STATE,128,0.69837671724963,0.1470438351680059,0.489501953125
31,NO_REVERSAL,TASK_AWARE_PARTICLE_FILTER,128,0.5791746397289553,0.1231312689268365,0.489501953125
31,HIDDEN_REVERSAL,ACRKN_ACTION_ONLY,128,3.2662599727045745,0.15384802169864997,0.501953125
31,HIDDEN_REVERSAL,ACRKN_REALIZED_STATE,128,2.946480048703961,0.15151584360864945,0.501953125
31,HIDDEN_REVERSAL,ACRKN_REVERSAL_REVEALED,128,5.748185261501931,0.19662436487851664,0.501953125
31,HIDDEN_REVERSAL,GRU_ACTION_ONLY,128,1.9639807654893957,0.26371465346892364,0.501953125
31,HIDDEN_REVERSAL,GRU_REALIZED_STATE,128,1.871849080256652,0.2772485017776489,0.501953125
31,HIDDEN_REVERSAL,TASK_AWARE_PARTICLE_FILTER,128,1.4943915054083217,0.2762473495306569,0.501953125
31,REVEALED_REVERSAL,ACRKN_ACTION_ONLY,128,3.2662599727045745,0.15384802169864997,0.501953125
31,REVEALED_REVERSAL,ACRKN_REALIZED_STATE,128,2.946480048703961,0.15151584360864945,0.501953125
31,REVEALED_REVERSAL,ACRKN_REVERSAL_REVEALED,128,3.019754317239858,0.13723278243560344,0.501953125
31,REVEALED_REVERSAL,GRU_ACTION_ONLY,128,1.9639807654893957,0.26371465346892364,0.501953125
31,REVEALED_REVERSAL,GRU_REALIZED_STATE,128,1.871849080256652,0.2772485017776489,0.501953125
31,REVEALED_REVERSAL,TASK_AWARE_PARTICLE_FILTER,128,1.3828267971959654,0.27896952675947106,0.501953125
