seed_block,training_seed,condition,evaluation_seed,paired_stream_group,reversal_probability,episodes
0,950000,NO_REVERSAL,31000000,block-0-p0,0.0,128
0,950000,HIDDEN_REVERSAL,31001000,block-0-p025,0.25,128
0,950000,REVEALED_REVERSAL,31001000,block-0-p025,0.25,128
1,950001,NO_REVERSAL,31010000,block-1-p0,0.0,128
1,950001,HIDDEN_REVERSAL,31011000,block-1-p025,0.25,128
1,950001,REVEALED_REVERSAL,31011000,block-1-p025,0.25,128
2,950002,NO_REVERSAL,31020000,block-2-p0,0.0,128
2,950002,HIDDEN_REVERSAL,31021000,block-2-p025,0.25,128
2,950002,REVEALED_REVERSAL,31021000,block-2-p025,0.25,128
3,950003,NO_REVERSAL,31030000,block-3-p0,0.0,128
3,950003,HIDDEN_REVERSAL,31031000,block-3-p025,0.25,128
3,950003,REVEALED_REVERSAL,31031000,block-3-p025,0.25,128
4,950004,NO_REVERSAL,31040000,block-4-p0,0.0,128
4,950004,HIDDEN_REVERSAL,31041000,block-4-p025,0.25,128
4,950004,REVEALED_REVERSAL,31041000,block-4-p025,0.25,128
5,950005,NO_REVERSAL,31050000,block-5-p0,0.0,128
5,950005,HIDDEN_REVERSAL,31051000,block-5-p025,0.25,128
5,950005,REVEALED_REVERSAL,31051000,block-5-p025,0.25,128
6,950006,NO_REVERSAL,31060000,block-6-p0,0.0,128
6,950006,HIDDEN_REVERSAL,31061000,block-6-p025,0.25,128
6,950006,REVEALED_REVERSAL,31061000,block-6-p025,0.25,128
7,950007,NO_REVERSAL,31070000,block-7-p0,0.0,128
7,950007,HIDDEN_REVERSAL,31071000,block-7-p025,0.25,128
7,950007,REVEALED_REVERSAL,31071000,block-7-p025,0.25,128
8,950008,NO_REVERSAL,31080000,block-8-p0,0.0,128
8,950008,HIDDEN_REVERSAL,31081000,block-8-p025,0.25,128
8,950008,REVEALED_REVERSAL,31081000,block-8-p025,0.25,128
9,950009,NO_REVERSAL,31090000,block-9-p0,0.0,128
9,950009,HIDDEN_REVERSAL,31091000,block-9-p025,0.25,128
9,950009,REVEALED_REVERSAL,31091000,block-9-p025,0.25,128
10,950010,NO_REVERSAL,31100000,block-10-p0,0.0,128
10,950010,HIDDEN_REVERSAL,31101000,block-10-p025,0.25,128
10,950010,REVEALED_REVERSAL,31101000,block-10-p025,0.25,128
11,950011,NO_REVERSAL,31110000,block-11-p0,0.0,128
11,950011,HIDDEN_REVERSAL,31111000,block-11-p025,0.25,128
11,950011,REVEALED_REVERSAL,31111000,block-11-p025,0.25,128
12,950012,NO_REVERSAL,31120000,block-12-p0,0.0,128
12,950012,HIDDEN_REVERSAL,31121000,block-12-p025,0.25,128
12,950012,REVEALED_REVERSAL,31121000,block-12-p025,0.25,128
13,950013,NO_REVERSAL,31130000,block-13-p0,0.0,128
13,950013,HIDDEN_REVERSAL,31131000,block-13-p025,0.25,128
13,950013,REVEALED_REVERSAL,31131000,block-13-p025,0.25,128
14,950014,NO_REVERSAL,31140000,block-14-p0,0.0,128
14,950014,HIDDEN_REVERSAL,31141000,block-14-p025,0.25,128
14,950014,REVEALED_REVERSAL,31141000,block-14-p025,0.25,128
15,950015,NO_REVERSAL,31150000,block-15-p0,0.0,128
15,950015,HIDDEN_REVERSAL,31151000,block-15-p025,0.25,128
15,950015,REVEALED_REVERSAL,31151000,block-15-p025,0.25,128
16,950016,NO_REVERSAL,31160000,block-16-p0,0.0,128
16,950016,HIDDEN_REVERSAL,31161000,block-16-p025,0.25,128
16,950016,REVEALED_REVERSAL,31161000,block-16-p025,0.25,128
17,950017,NO_REVERSAL,31170000,block-17-p0,0.0,128
17,950017,HIDDEN_REVERSAL,31171000,block-17-p025,0.25,128
17,950017,REVEALED_REVERSAL,31171000,block-17-p025,0.25,128
18,950018,NO_REVERSAL,31180000,block-18-p0,0.0,128
18,950018,HIDDEN_REVERSAL,31181000,block-18-p025,0.25,128
18,950018,REVEALED_REVERSAL,31181000,block-18-p025,0.25,128
19,950019,NO_REVERSAL,31190000,block-19-p0,0.0,128
19,950019,HIDDEN_REVERSAL,31191000,block-19-p025,0.25,128
19,950019,REVEALED_REVERSAL,31191000,block-19-p025,0.25,128
20,950020,NO_REVERSAL,31200000,block-20-p0,0.0,128
20,950020,HIDDEN_REVERSAL,31201000,block-20-p025,0.25,128
20,950020,REVEALED_REVERSAL,31201000,block-20-p025,0.25,128
21,950021,NO_REVERSAL,31210000,block-21-p0,0.0,128
21,950021,HIDDEN_REVERSAL,31211000,block-21-p025,0.25,128
21,950021,REVEALED_REVERSAL,31211000,block-21-p025,0.25,128
22,950022,NO_REVERSAL,31220000,block-22-p0,0.0,128
22,950022,HIDDEN_REVERSAL,31221000,block-22-p025,0.25,128
22,950022,REVEALED_REVERSAL,31221000,block-22-p025,0.25,128
23,950023,NO_REVERSAL,31230000,block-23-p0,0.0,128
23,950023,HIDDEN_REVERSAL,31231000,block-23-p025,0.25,128
23,950023,REVEALED_REVERSAL,31231000,block-23-p025,0.25,128
24,950024,NO_REVERSAL,31240000,block-24-p0,0.0,128
24,950024,HIDDEN_REVERSAL,31241000,block-24-p025,0.25,128
24,950024,REVEALED_REVERSAL,31241000,block-24-p025,0.25,128
25,950025,NO_REVERSAL,31250000,block-25-p0,0.0,128
25,950025,HIDDEN_REVERSAL,31251000,block-25-p025,0.25,128
25,950025,REVEALED_REVERSAL,31251000,block-25-p025,0.25,128
26,950026,NO_REVERSAL,31260000,block-26-p0,0.0,128
26,950026,HIDDEN_REVERSAL,31261000,block-26-p025,0.25,128
26,950026,REVEALED_REVERSAL,31261000,block-26-p025,0.25,128
27,950027,NO_REVERSAL,31270000,block-27-p0,0.0,128
27,950027,HIDDEN_REVERSAL,31271000,block-27-p025,0.25,128
27,950027,REVEALED_REVERSAL,31271000,block-27-p025,0.25,128
28,950028,NO_REVERSAL,31280000,block-28-p0,0.0,128
28,950028,HIDDEN_REVERSAL,31281000,block-28-p025,0.25,128
28,950028,REVEALED_REVERSAL,31281000,block-28-p025,0.25,128
29,950029,NO_REVERSAL,31290000,block-29-p0,0.0,128
29,950029,HIDDEN_REVERSAL,31291000,block-29-p025,0.25,128
29,950029,REVEALED_REVERSAL,31291000,block-29-p025,0.25,128
30,950030,NO_REVERSAL,31300000,block-30-p0,0.0,128
30,950030,HIDDEN_REVERSAL,31301000,block-30-p025,0.25,128
30,950030,REVEALED_REVERSAL,31301000,block-30-p025,0.25,128
31,950031,NO_REVERSAL,31310000,block-31-p0,0.0,128
31,950031,HIDDEN_REVERSAL,31311000,block-31-p025,0.25,128
31,950031,REVEALED_REVERSAL,31311000,block-31-p025,0.25,128
