seed,regime,arm,nmae,constant_median_nmae,train_input_sha256,regime_targets_sha256
51000,ALIGNED,CF_TIMED_LOCAL,0.131775698381692,0.24481481481481482,613faf42875905cb5859bf430e43db328722e20ff848e5ce6ab95f2dff7abf78,16ddc5b4d5c7ffc199e11741db8378d0f7bf27c6cbe05b2ef2cf246a8dcbb169
51000,ALIGNED,NO_TRACE,0.24494629930578693,0.24481481481481482,613faf42875905cb5859bf430e43db328722e20ff848e5ce6ab95f2dff7abf78,16ddc5b4d5c7ffc199e11741db8378d0f7bf27c6cbe05b2ef2cf246a8dcbb169
51000,ALIGNED,CF_TIME_SHUFFLE,0.24437085328509733,0.24481481481481482,613faf42875905cb5859bf430e43db328722e20ff848e5ce6ab95f2dff7abf78,16ddc5b4d5c7ffc199e11741db8378d0f7bf27c6cbe05b2ef2cf246a8dcbb169
51000,ALIGNED,GENERIC_MATCHED_RBF,0.05760315446631989,0.24481481481481482,613faf42875905cb5859bf430e43db328722e20ff848e5ce6ab95f2dff7abf78,16ddc5b4d5c7ffc199e11741db8378d0f7bf27c6cbe05b2ef2cf246a8dcbb169
51000,ALIGNED,EXACT_REPLAY_REFERENCE,0.07335473248393001,0.24481481481481482,613faf42875905cb5859bf430e43db328722e20ff848e5ce6ab95f2dff7abf78,16ddc5b4d5c7ffc199e11741db8378d0f7bf27c6cbe05b2ef2cf246a8dcbb169
51000,BROKEN,CF_TIMED_LOCAL,0.2454580556268602,0.24481481481481482,613faf42875905cb5859bf430e43db328722e20ff848e5ce6ab95f2dff7abf78,5d2c6f5ae1436802336e26b56c9bb429899e14b4edb89d356a82da25bb8b6439
51000,BROKEN,NO_TRACE,0.24501765497734043,0.24481481481481482,613faf42875905cb5859bf430e43db328722e20ff848e5ce6ab95f2dff7abf78,5d2c6f5ae1436802336e26b56c9bb429899e14b4edb89d356a82da25bb8b6439
51000,BROKEN,CF_TIME_SHUFFLE,0.24481689361610948,0.24481481481481482,613faf42875905cb5859bf430e43db328722e20ff848e5ce6ab95f2dff7abf78,5d2c6f5ae1436802336e26b56c9bb429899e14b4edb89d356a82da25bb8b6439
51000,BROKEN,GENERIC_MATCHED_RBF,0.2486939066243935,0.24481481481481482,613faf42875905cb5859bf430e43db328722e20ff848e5ce6ab95f2dff7abf78,5d2c6f5ae1436802336e26b56c9bb429899e14b4edb89d356a82da25bb8b6439
51000,BROKEN,EXACT_REPLAY_REFERENCE,0.24918146023710971,0.24481481481481482,613faf42875905cb5859bf430e43db328722e20ff848e5ce6ab95f2dff7abf78,5d2c6f5ae1436802336e26b56c9bb429899e14b4edb89d356a82da25bb8b6439
51001,ALIGNED,CF_TIMED_LOCAL,0.15167526846542947,0.2701851851851852,7189768a5101a7953b4ca2e93ae476c063bd75e9c4fd71be629773642ad8a4b1,279a2d49449ea3c6c3f095270cfb4a1b62d07222f2a083f8ba640206350bf986
51001,ALIGNED,NO_TRACE,0.26950248610975175,0.2701851851851852,7189768a5101a7953b4ca2e93ae476c063bd75e9c4fd71be629773642ad8a4b1,279a2d49449ea3c6c3f095270cfb4a1b62d07222f2a083f8ba640206350bf986
51001,ALIGNED,CF_TIME_SHUFFLE,0.27499493537989295,0.2701851851851852,7189768a5101a7953b4ca2e93ae476c063bd75e9c4fd71be629773642ad8a4b1,279a2d49449ea3c6c3f095270cfb4a1b62d07222f2a083f8ba640206350bf986
51001,ALIGNED,GENERIC_MATCHED_RBF,0.0598192779022771,0.2701851851851852,7189768a5101a7953b4ca2e93ae476c063bd75e9c4fd71be629773642ad8a4b1,279a2d49449ea3c6c3f095270cfb4a1b62d07222f2a083f8ba640206350bf986
51001,ALIGNED,EXACT_REPLAY_REFERENCE,0.07210037797917335,0.2701851851851852,7189768a5101a7953b4ca2e93ae476c063bd75e9c4fd71be629773642ad8a4b1,279a2d49449ea3c6c3f095270cfb4a1b62d07222f2a083f8ba640206350bf986
51001,BROKEN,CF_TIMED_LOCAL,0.26973981476946146,0.2701851851851852,7189768a5101a7953b4ca2e93ae476c063bd75e9c4fd71be629773642ad8a4b1,1b0415d1b3d1ee922342fca93508efcfa33a21374eb3e368fd3bd1f369e5a868
51001,BROKEN,NO_TRACE,0.26953717595873333,0.2701851851851852,7189768a5101a7953b4ca2e93ae476c063bd75e9c4fd71be629773642ad8a4b1,1b0415d1b3d1ee922342fca93508efcfa33a21374eb3e368fd3bd1f369e5a868
51001,BROKEN,CF_TIME_SHUFFLE,0.2691657066817832,0.2701851851851852,7189768a5101a7953b4ca2e93ae476c063bd75e9c4fd71be629773642ad8a4b1,1b0415d1b3d1ee922342fca93508efcfa33a21374eb3e368fd3bd1f369e5a868
51001,BROKEN,GENERIC_MATCHED_RBF,0.27043069936851755,0.2701851851851852,7189768a5101a7953b4ca2e93ae476c063bd75e9c4fd71be629773642ad8a4b1,1b0415d1b3d1ee922342fca93508efcfa33a21374eb3e368fd3bd1f369e5a868
51001,BROKEN,EXACT_REPLAY_REFERENCE,0.27303332024487953,0.2701851851851852,7189768a5101a7953b4ca2e93ae476c063bd75e9c4fd71be629773642ad8a4b1,1b0415d1b3d1ee922342fca93508efcfa33a21374eb3e368fd3bd1f369e5a868
51002,ALIGNED,CF_TIMED_LOCAL,0.14247656395764924,0.26037037037037036,2a814b2d4f47f54afbf5ab10cad0648fcc6ad38d8b0b2d8383abd2c3f6b0ed1d,d480822374ea90894c11b8ec56ebbbf84d67073e5e38c23ff526a04a6035d609
51002,ALIGNED,NO_TRACE,0.2605816212663389,0.26037037037037036,2a814b2d4f47f54afbf5ab10cad0648fcc6ad38d8b0b2d8383abd2c3f6b0ed1d,d480822374ea90894c11b8ec56ebbbf84d67073e5e38c23ff526a04a6035d609
51002,ALIGNED,CF_TIME_SHUFFLE,0.26350624029065867,0.26037037037037036,2a814b2d4f47f54afbf5ab10cad0648fcc6ad38d8b0b2d8383abd2c3f6b0ed1d,d480822374ea90894c11b8ec56ebbbf84d67073e5e38c23ff526a04a6035d609
51002,ALIGNED,GENERIC_MATCHED_RBF,0.05723309865849058,0.26037037037037036,2a814b2d4f47f54afbf5ab10cad0648fcc6ad38d8b0b2d8383abd2c3f6b0ed1d,d480822374ea90894c11b8ec56ebbbf84d67073e5e38c23ff526a04a6035d609
51002,ALIGNED,EXACT_REPLAY_REFERENCE,0.07210248768658327,0.26037037037037036,2a814b2d4f47f54afbf5ab10cad0648fcc6ad38d8b0b2d8383abd2c3f6b0ed1d,d480822374ea90894c11b8ec56ebbbf84d67073e5e38c23ff526a04a6035d609
51002,BROKEN,CF_TIMED_LOCAL,0.2611834521250484,0.26037037037037036,2a814b2d4f47f54afbf5ab10cad0648fcc6ad38d8b0b2d8383abd2c3f6b0ed1d,a1b9e85e527cfd0f997077015e17f652e7fb00673e0ce1f21e55bf042beedb0c
51002,BROKEN,NO_TRACE,0.26040187978441515,0.26037037037037036,2a814b2d4f47f54afbf5ab10cad0648fcc6ad38d8b0b2d8383abd2c3f6b0ed1d,a1b9e85e527cfd0f997077015e17f652e7fb00673e0ce1f21e55bf042beedb0c
51002,BROKEN,CF_TIME_SHUFFLE,0.26074165002106015,0.26037037037037036,2a814b2d4f47f54afbf5ab10cad0648fcc6ad38d8b0b2d8383abd2c3f6b0ed1d,a1b9e85e527cfd0f997077015e17f652e7fb00673e0ce1f21e55bf042beedb0c
51002,BROKEN,GENERIC_MATCHED_RBF,0.2610440161471082,0.26037037037037036,2a814b2d4f47f54afbf5ab10cad0648fcc6ad38d8b0b2d8383abd2c3f6b0ed1d,a1b9e85e527cfd0f997077015e17f652e7fb00673e0ce1f21e55bf042beedb0c
51002,BROKEN,EXACT_REPLAY_REFERENCE,0.26553575086811676,0.26037037037037036,2a814b2d4f47f54afbf5ab10cad0648fcc6ad38d8b0b2d8383abd2c3f6b0ed1d,a1b9e85e527cfd0f997077015e17f652e7fb00673e0ce1f21e55bf042beedb0c
51003,ALIGNED,CF_TIMED_LOCAL,0.13663595167636008,0.25925925925925924,45f2e90c94bf4abf106cc006d0dc94297570e1044b7d671f7fff22bde64a2451,66911a59710761047ecab98644bca16cf2a6505ff6a978a2e58571731a0f22bb
51003,ALIGNED,NO_TRACE,0.258913301297779,0.25925925925925924,45f2e90c94bf4abf106cc006d0dc94297570e1044b7d671f7fff22bde64a2451,66911a59710761047ecab98644bca16cf2a6505ff6a978a2e58571731a0f22bb
51003,ALIGNED,CF_TIME_SHUFFLE,0.26199820523347184,0.25925925925925924,45f2e90c94bf4abf106cc006d0dc94297570e1044b7d671f7fff22bde64a2451,66911a59710761047ecab98644bca16cf2a6505ff6a978a2e58571731a0f22bb
51003,ALIGNED,GENERIC_MATCHED_RBF,0.056742394890498676,0.25925925925925924,45f2e90c94bf4abf106cc006d0dc94297570e1044b7d671f7fff22bde64a2451,66911a59710761047ecab98644bca16cf2a6505ff6a978a2e58571731a0f22bb
51003,ALIGNED,EXACT_REPLAY_REFERENCE,0.07069244059625833,0.25925925925925924,45f2e90c94bf4abf106cc006d0dc94297570e1044b7d671f7fff22bde64a2451,66911a59710761047ecab98644bca16cf2a6505ff6a978a2e58571731a0f22bb
51003,BROKEN,CF_TIMED_LOCAL,0.26058182042032463,0.25925925925925924,45f2e90c94bf4abf106cc006d0dc94297570e1044b7d671f7fff22bde64a2451,dbcb05467b4246d828eb051ecf1a48b0379db32406e9a207d9868e5f28d120f6
51003,BROKEN,NO_TRACE,0.259493177359681,0.25925925925925924,45f2e90c94bf4abf106cc006d0dc94297570e1044b7d671f7fff22bde64a2451,dbcb05467b4246d828eb051ecf1a48b0379db32406e9a207d9868e5f28d120f6
51003,BROKEN,CF_TIME_SHUFFLE,0.25809344946954194,0.25925925925925924,45f2e90c94bf4abf106cc006d0dc94297570e1044b7d671f7fff22bde64a2451,dbcb05467b4246d828eb051ecf1a48b0379db32406e9a207d9868e5f28d120f6
51003,BROKEN,GENERIC_MATCHED_RBF,0.2584122271926801,0.25925925925925924,45f2e90c94bf4abf106cc006d0dc94297570e1044b7d671f7fff22bde64a2451,dbcb05467b4246d828eb051ecf1a48b0379db32406e9a207d9868e5f28d120f6
51003,BROKEN,EXACT_REPLAY_REFERENCE,0.26022503925444745,0.25925925925925924,45f2e90c94bf4abf106cc006d0dc94297570e1044b7d671f7fff22bde64a2451,dbcb05467b4246d828eb051ecf1a48b0379db32406e9a207d9868e5f28d120f6
51004,ALIGNED,CF_TIMED_LOCAL,0.1434945824575864,0.25916666666666666,6a9c5a5cd26c04dd4546aa75e2ca5072c5131e1c554b3d9a6c13c3a70f04dee5,9250d5447f25c0edf9fb18a8302ec96fada5b0ac14e1f4de8adc67759a8dffeb
51004,ALIGNED,NO_TRACE,0.2592354705460058,0.25916666666666666,6a9c5a5cd26c04dd4546aa75e2ca5072c5131e1c554b3d9a6c13c3a70f04dee5,9250d5447f25c0edf9fb18a8302ec96fada5b0ac14e1f4de8adc67759a8dffeb
51004,ALIGNED,CF_TIME_SHUFFLE,0.26718180471067343,0.25916666666666666,6a9c5a5cd26c04dd4546aa75e2ca5072c5131e1c554b3d9a6c13c3a70f04dee5,9250d5447f25c0edf9fb18a8302ec96fada5b0ac14e1f4de8adc67759a8dffeb
51004,ALIGNED,GENERIC_MATCHED_RBF,0.05544294329395482,0.25916666666666666,6a9c5a5cd26c04dd4546aa75e2ca5072c5131e1c554b3d9a6c13c3a70f04dee5,9250d5447f25c0edf9fb18a8302ec96fada5b0ac14e1f4de8adc67759a8dffeb
51004,ALIGNED,EXACT_REPLAY_REFERENCE,0.07000168613385706,0.25916666666666666,6a9c5a5cd26c04dd4546aa75e2ca5072c5131e1c554b3d9a6c13c3a70f04dee5,9250d5447f25c0edf9fb18a8302ec96fada5b0ac14e1f4de8adc67759a8dffeb
51004,BROKEN,CF_TIMED_LOCAL,0.2592126237221826,0.25916666666666666,6a9c5a5cd26c04dd4546aa75e2ca5072c5131e1c554b3d9a6c13c3a70f04dee5,dd52ce654ef9a4396f27e628c7e9ea01cb0a488614de67873ae3cd42ca531a51
51004,BROKEN,NO_TRACE,0.2592790840257693,0.25916666666666666,6a9c5a5cd26c04dd4546aa75e2ca5072c5131e1c554b3d9a6c13c3a70f04dee5,dd52ce654ef9a4396f27e628c7e9ea01cb0a488614de67873ae3cd42ca531a51
51004,BROKEN,CF_TIME_SHUFFLE,0.26007545218515477,0.25916666666666666,6a9c5a5cd26c04dd4546aa75e2ca5072c5131e1c554b3d9a6c13c3a70f04dee5,dd52ce654ef9a4396f27e628c7e9ea01cb0a488614de67873ae3cd42ca531a51
51004,BROKEN,GENERIC_MATCHED_RBF,0.26091912565053044,0.25916666666666666,6a9c5a5cd26c04dd4546aa75e2ca5072c5131e1c554b3d9a6c13c3a70f04dee5,dd52ce654ef9a4396f27e628c7e9ea01cb0a488614de67873ae3cd42ca531a51
51004,BROKEN,EXACT_REPLAY_REFERENCE,0.26436109924295725,0.25916666666666666,6a9c5a5cd26c04dd4546aa75e2ca5072c5131e1c554b3d9a6c13c3a70f04dee5,dd52ce654ef9a4396f27e628c7e9ea01cb0a488614de67873ae3cd42ca531a51
51005,ALIGNED,CF_TIMED_LOCAL,0.15399388843381343,0.2725,650758f4548ed8c8a96bfd3843663d0f76607812440c72a829323cf0deca1051,c1e52d8419c67080a7fb6e86cf0d38ab16e48e496c8102a2a3e74151b6924551
51005,ALIGNED,NO_TRACE,0.27114186285579334,0.2725,650758f4548ed8c8a96bfd3843663d0f76607812440c72a829323cf0deca1051,c1e52d8419c67080a7fb6e86cf0d38ab16e48e496c8102a2a3e74151b6924551
51005,ALIGNED,CF_TIME_SHUFFLE,0.2682812643505963,0.2725,650758f4548ed8c8a96bfd3843663d0f76607812440c72a829323cf0deca1051,c1e52d8419c67080a7fb6e86cf0d38ab16e48e496c8102a2a3e74151b6924551
51005,ALIGNED,GENERIC_MATCHED_RBF,0.057676146113552755,0.2725,650758f4548ed8c8a96bfd3843663d0f76607812440c72a829323cf0deca1051,c1e52d8419c67080a7fb6e86cf0d38ab16e48e496c8102a2a3e74151b6924551
51005,ALIGNED,EXACT_REPLAY_REFERENCE,0.06961524165673902,0.2725,650758f4548ed8c8a96bfd3843663d0f76607812440c72a829323cf0deca1051,c1e52d8419c67080a7fb6e86cf0d38ab16e48e496c8102a2a3e74151b6924551
51005,BROKEN,CF_TIMED_LOCAL,0.27175079884012526,0.2725,650758f4548ed8c8a96bfd3843663d0f76607812440c72a829323cf0deca1051,932446815266bccb975c6f3be988897e35e4f7351523a7db0491be60f10ec12b
51005,BROKEN,NO_TRACE,0.27152647420620135,0.2725,650758f4548ed8c8a96bfd3843663d0f76607812440c72a829323cf0deca1051,932446815266bccb975c6f3be988897e35e4f7351523a7db0491be60f10ec12b
51005,BROKEN,CF_TIME_SHUFFLE,0.2719522005314669,0.2725,650758f4548ed8c8a96bfd3843663d0f76607812440c72a829323cf0deca1051,932446815266bccb975c6f3be988897e35e4f7351523a7db0491be60f10ec12b
51005,BROKEN,GENERIC_MATCHED_RBF,0.2726433513515428,0.2725,650758f4548ed8c8a96bfd3843663d0f76607812440c72a829323cf0deca1051,932446815266bccb975c6f3be988897e35e4f7351523a7db0491be60f10ec12b
51005,BROKEN,EXACT_REPLAY_REFERENCE,0.2734718483660736,0.2725,650758f4548ed8c8a96bfd3843663d0f76607812440c72a829323cf0deca1051,932446815266bccb975c6f3be988897e35e4f7351523a7db0491be60f10ec12b
51006,ALIGNED,CF_TIMED_LOCAL,0.14199509300983051,0.2563888888888889,e309dabb031c33e55c164746bcf85a021d5e0694928d456aa2f108522e91080e,6e04efb697eb60bd1c4a60435d5399848d990c4b78ce299246af70126e6ba47f
51006,ALIGNED,NO_TRACE,0.25669357116896074,0.2563888888888889,e309dabb031c33e55c164746bcf85a021d5e0694928d456aa2f108522e91080e,6e04efb697eb60bd1c4a60435d5399848d990c4b78ce299246af70126e6ba47f
51006,ALIGNED,CF_TIME_SHUFFLE,0.2573539258283034,0.2563888888888889,e309dabb031c33e55c164746bcf85a021d5e0694928d456aa2f108522e91080e,6e04efb697eb60bd1c4a60435d5399848d990c4b78ce299246af70126e6ba47f
51006,ALIGNED,GENERIC_MATCHED_RBF,0.05834584646670612,0.2563888888888889,e309dabb031c33e55c164746bcf85a021d5e0694928d456aa2f108522e91080e,6e04efb697eb60bd1c4a60435d5399848d990c4b78ce299246af70126e6ba47f
51006,ALIGNED,EXACT_REPLAY_REFERENCE,0.07478795158312207,0.2563888888888889,e309dabb031c33e55c164746bcf85a021d5e0694928d456aa2f108522e91080e,6e04efb697eb60bd1c4a60435d5399848d990c4b78ce299246af70126e6ba47f
51006,BROKEN,CF_TIMED_LOCAL,0.2567551783171672,0.2563888888888889,e309dabb031c33e55c164746bcf85a021d5e0694928d456aa2f108522e91080e,d0d08757ddeef6c4f1a335c9440bfd51e069c765696e2dee2f2ed31e8d13c959
51006,BROKEN,NO_TRACE,0.2567242466529622,0.2563888888888889,e309dabb031c33e55c164746bcf85a021d5e0694928d456aa2f108522e91080e,d0d08757ddeef6c4f1a335c9440bfd51e069c765696e2dee2f2ed31e8d13c959
51006,BROKEN,CF_TIME_SHUFFLE,0.2564214505373175,0.2563888888888889,e309dabb031c33e55c164746bcf85a021d5e0694928d456aa2f108522e91080e,d0d08757ddeef6c4f1a335c9440bfd51e069c765696e2dee2f2ed31e8d13c959
51006,BROKEN,GENERIC_MATCHED_RBF,0.257005342260538,0.2563888888888889,e309dabb031c33e55c164746bcf85a021d5e0694928d456aa2f108522e91080e,d0d08757ddeef6c4f1a335c9440bfd51e069c765696e2dee2f2ed31e8d13c959
51006,BROKEN,EXACT_REPLAY_REFERENCE,0.2607443745547837,0.2563888888888889,e309dabb031c33e55c164746bcf85a021d5e0694928d456aa2f108522e91080e,d0d08757ddeef6c4f1a335c9440bfd51e069c765696e2dee2f2ed31e8d13c959
51007,ALIGNED,CF_TIMED_LOCAL,0.13902061260150675,0.25537037037037036,b11237a13e93a4032878826ea07d856d70c8fe8448964616fe718172d6bb256b,0a16c8bac9139ca9e1851cb77b076cd23992468d75c30e1efce67b3e041ba1f7
51007,ALIGNED,NO_TRACE,0.25581210836911855,0.25537037037037036,b11237a13e93a4032878826ea07d856d70c8fe8448964616fe718172d6bb256b,0a16c8bac9139ca9e1851cb77b076cd23992468d75c30e1efce67b3e041ba1f7
51007,ALIGNED,CF_TIME_SHUFFLE,0.26073382249464117,0.25537037037037036,b11237a13e93a4032878826ea07d856d70c8fe8448964616fe718172d6bb256b,0a16c8bac9139ca9e1851cb77b076cd23992468d75c30e1efce67b3e041ba1f7
51007,ALIGNED,GENERIC_MATCHED_RBF,0.058709868260504595,0.25537037037037036,b11237a13e93a4032878826ea07d856d70c8fe8448964616fe718172d6bb256b,0a16c8bac9139ca9e1851cb77b076cd23992468d75c30e1efce67b3e041ba1f7
51007,ALIGNED,EXACT_REPLAY_REFERENCE,0.07509445587978343,0.25537037037037036,b11237a13e93a4032878826ea07d856d70c8fe8448964616fe718172d6bb256b,0a16c8bac9139ca9e1851cb77b076cd23992468d75c30e1efce67b3e041ba1f7
51007,BROKEN,CF_TIMED_LOCAL,0.2547948713011575,0.25537037037037036,b11237a13e93a4032878826ea07d856d70c8fe8448964616fe718172d6bb256b,90fbc2cd35f1bf191ec39890300e1dcd5481e15cb204d2b50bd91472af4f25d6
51007,BROKEN,NO_TRACE,0.25497738910190815,0.25537037037037036,b11237a13e93a4032878826ea07d856d70c8fe8448964616fe718172d6bb256b,90fbc2cd35f1bf191ec39890300e1dcd5481e15cb204d2b50bd91472af4f25d6
51007,BROKEN,CF_TIME_SHUFFLE,0.25576162821701665,0.25537037037037036,b11237a13e93a4032878826ea07d856d70c8fe8448964616fe718172d6bb256b,90fbc2cd35f1bf191ec39890300e1dcd5481e15cb204d2b50bd91472af4f25d6
51007,BROKEN,GENERIC_MATCHED_RBF,0.2585942460349353,0.25537037037037036,b11237a13e93a4032878826ea07d856d70c8fe8448964616fe718172d6bb256b,90fbc2cd35f1bf191ec39890300e1dcd5481e15cb204d2b50bd91472af4f25d6
51007,BROKEN,EXACT_REPLAY_REFERENCE,0.25839139320517374,0.25537037037037036,b11237a13e93a4032878826ea07d856d70c8fe8448964616fe718172d6bb256b,90fbc2cd35f1bf191ec39890300e1dcd5481e15cb204d2b50bd91472af4f25d6
51008,ALIGNED,CF_TIMED_LOCAL,0.1439668918328223,0.2688888888888889,06a026a95dad5b0629b5648aa63a015f994d04b8bd6fd22dadb8b9d08de2e14c,1ee7480cebb16621271daf7aadb139226646f3b1eb3321853fba9967a38e2a6a
51008,ALIGNED,NO_TRACE,0.2675020084205545,0.2688888888888889,06a026a95dad5b0629b5648aa63a015f994d04b8bd6fd22dadb8b9d08de2e14c,1ee7480cebb16621271daf7aadb139226646f3b1eb3321853fba9967a38e2a6a
51008,ALIGNED,CF_TIME_SHUFFLE,0.2666706038088433,0.2688888888888889,06a026a95dad5b0629b5648aa63a015f994d04b8bd6fd22dadb8b9d08de2e14c,1ee7480cebb16621271daf7aadb139226646f3b1eb3321853fba9967a38e2a6a
51008,ALIGNED,GENERIC_MATCHED_RBF,0.054460859813459175,0.2688888888888889,06a026a95dad5b0629b5648aa63a015f994d04b8bd6fd22dadb8b9d08de2e14c,1ee7480cebb16621271daf7aadb139226646f3b1eb3321853fba9967a38e2a6a
51008,ALIGNED,EXACT_REPLAY_REFERENCE,0.06749435542235903,0.2688888888888889,06a026a95dad5b0629b5648aa63a015f994d04b8bd6fd22dadb8b9d08de2e14c,1ee7480cebb16621271daf7aadb139226646f3b1eb3321853fba9967a38e2a6a
51008,BROKEN,CF_TIMED_LOCAL,0.26871800195833456,0.2688888888888889,06a026a95dad5b0629b5648aa63a015f994d04b8bd6fd22dadb8b9d08de2e14c,466e9e91e18a30c65c87d2f9629f21851c1eb270cb54fdb6ed6a92776218c8b2
51008,BROKEN,NO_TRACE,0.26874277665618423,0.2688888888888889,06a026a95dad5b0629b5648aa63a015f994d04b8bd6fd22dadb8b9d08de2e14c,466e9e91e18a30c65c87d2f9629f21851c1eb270cb54fdb6ed6a92776218c8b2
51008,BROKEN,CF_TIME_SHUFFLE,0.2684228969495012,0.2688888888888889,06a026a95dad5b0629b5648aa63a015f994d04b8bd6fd22dadb8b9d08de2e14c,466e9e91e18a30c65c87d2f9629f21851c1eb270cb54fdb6ed6a92776218c8b2
51008,BROKEN,GENERIC_MATCHED_RBF,0.2672407891298938,0.2688888888888889,06a026a95dad5b0629b5648aa63a015f994d04b8bd6fd22dadb8b9d08de2e14c,466e9e91e18a30c65c87d2f9629f21851c1eb270cb54fdb6ed6a92776218c8b2
51008,BROKEN,EXACT_REPLAY_REFERENCE,0.2670470445719864,0.2688888888888889,06a026a95dad5b0629b5648aa63a015f994d04b8bd6fd22dadb8b9d08de2e14c,466e9e91e18a30c65c87d2f9629f21851c1eb270cb54fdb6ed6a92776218c8b2
51009,ALIGNED,CF_TIMED_LOCAL,0.1527992849803564,0.2649074074074074,5f02529847512c2bdc50604843e90661028b33eb01ccf97f38e8046670b6c223,23d35bc7a9473baf14796123e840eee593b90d045bd3abe4ed5cd9a70141f891
51009,ALIGNED,NO_TRACE,0.2678211336624371,0.2649074074074074,5f02529847512c2bdc50604843e90661028b33eb01ccf97f38e8046670b6c223,23d35bc7a9473baf14796123e840eee593b90d045bd3abe4ed5cd9a70141f891
51009,ALIGNED,CF_TIME_SHUFFLE,0.2622019990450508,0.2649074074074074,5f02529847512c2bdc50604843e90661028b33eb01ccf97f38e8046670b6c223,23d35bc7a9473baf14796123e840eee593b90d045bd3abe4ed5cd9a70141f891
51009,ALIGNED,GENERIC_MATCHED_RBF,0.057830438550865434,0.2649074074074074,5f02529847512c2bdc50604843e90661028b33eb01ccf97f38e8046670b6c223,23d35bc7a9473baf14796123e840eee593b90d045bd3abe4ed5cd9a70141f891
51009,ALIGNED,EXACT_REPLAY_REFERENCE,0.07104397897493663,0.2649074074074074,5f02529847512c2bdc50604843e90661028b33eb01ccf97f38e8046670b6c223,23d35bc7a9473baf14796123e840eee593b90d045bd3abe4ed5cd9a70141f891
51009,BROKEN,CF_TIMED_LOCAL,0.26446225757912184,0.2649074074074074,5f02529847512c2bdc50604843e90661028b33eb01ccf97f38e8046670b6c223,26d05060c8a17083448097f4013c3170a03f16d7f5179d980372db1c2d876031
51009,BROKEN,NO_TRACE,0.26423319700191206,0.2649074074074074,5f02529847512c2bdc50604843e90661028b33eb01ccf97f38e8046670b6c223,26d05060c8a17083448097f4013c3170a03f16d7f5179d980372db1c2d876031
51009,BROKEN,CF_TIME_SHUFFLE,0.2631179069499824,0.2649074074074074,5f02529847512c2bdc50604843e90661028b33eb01ccf97f38e8046670b6c223,26d05060c8a17083448097f4013c3170a03f16d7f5179d980372db1c2d876031
51009,BROKEN,GENERIC_MATCHED_RBF,0.26660130566780793,0.2649074074074074,5f02529847512c2bdc50604843e90661028b33eb01ccf97f38e8046670b6c223,26d05060c8a17083448097f4013c3170a03f16d7f5179d980372db1c2d876031
51009,BROKEN,EXACT_REPLAY_REFERENCE,0.27026749611135065,0.2649074074074074,5f02529847512c2bdc50604843e90661028b33eb01ccf97f38e8046670b6c223,26d05060c8a17083448097f4013c3170a03f16d7f5179d980372db1c2d876031
51010,ALIGNED,CF_TIMED_LOCAL,0.13892384890294832,0.25722222222222224,3d439b06ecb5320d76860c02669867b2faef5a9a64dcb746dd06157fb78d3f7f,f4608950b52fff3f3ec6f76e841d2bacf7b8226ce1404dd61ed937e1dd883ae3
51010,ALIGNED,NO_TRACE,0.2567746942898837,0.25722222222222224,3d439b06ecb5320d76860c02669867b2faef5a9a64dcb746dd06157fb78d3f7f,f4608950b52fff3f3ec6f76e841d2bacf7b8226ce1404dd61ed937e1dd883ae3
51010,ALIGNED,CF_TIME_SHUFFLE,0.25245409777195366,0.25722222222222224,3d439b06ecb5320d76860c02669867b2faef5a9a64dcb746dd06157fb78d3f7f,f4608950b52fff3f3ec6f76e841d2bacf7b8226ce1404dd61ed937e1dd883ae3
51010,ALIGNED,GENERIC_MATCHED_RBF,0.05431669032216861,0.25722222222222224,3d439b06ecb5320d76860c02669867b2faef5a9a64dcb746dd06157fb78d3f7f,f4608950b52fff3f3ec6f76e841d2bacf7b8226ce1404dd61ed937e1dd883ae3
51010,ALIGNED,EXACT_REPLAY_REFERENCE,0.06975947851232991,0.25722222222222224,3d439b06ecb5320d76860c02669867b2faef5a9a64dcb746dd06157fb78d3f7f,f4608950b52fff3f3ec6f76e841d2bacf7b8226ce1404dd61ed937e1dd883ae3
51010,BROKEN,CF_TIMED_LOCAL,0.25711541631898566,0.25722222222222224,3d439b06ecb5320d76860c02669867b2faef5a9a64dcb746dd06157fb78d3f7f,58d0ba089bbdb957854b761bbc953221224068b35a975f50dd75bc4293a2efc6
51010,BROKEN,NO_TRACE,0.25736814900496363,0.25722222222222224,3d439b06ecb5320d76860c02669867b2faef5a9a64dcb746dd06157fb78d3f7f,58d0ba089bbdb957854b761bbc953221224068b35a975f50dd75bc4293a2efc6
51010,BROKEN,CF_TIME_SHUFFLE,0.2573285344915019,0.25722222222222224,3d439b06ecb5320d76860c02669867b2faef5a9a64dcb746dd06157fb78d3f7f,58d0ba089bbdb957854b761bbc953221224068b35a975f50dd75bc4293a2efc6
51010,BROKEN,GENERIC_MATCHED_RBF,0.2587485645981282,0.25722222222222224,3d439b06ecb5320d76860c02669867b2faef5a9a64dcb746dd06157fb78d3f7f,58d0ba089bbdb957854b761bbc953221224068b35a975f50dd75bc4293a2efc6
51010,BROKEN,EXACT_REPLAY_REFERENCE,0.26123761809337687,0.25722222222222224,3d439b06ecb5320d76860c02669867b2faef5a9a64dcb746dd06157fb78d3f7f,58d0ba089bbdb957854b761bbc953221224068b35a975f50dd75bc4293a2efc6
51011,ALIGNED,CF_TIMED_LOCAL,0.14304258433275432,0.25472222222222224,dc4fdc89ce347733b811d98af9414373cae8b9dda80e89f00ae3e2013d8684a9,c080c3ebf02c504ea4f225a5a0fc93e6833535f3e9f27782efb5139a1cac1733
51011,ALIGNED,NO_TRACE,0.25538045553844074,0.25472222222222224,dc4fdc89ce347733b811d98af9414373cae8b9dda80e89f00ae3e2013d8684a9,c080c3ebf02c504ea4f225a5a0fc93e6833535f3e9f27782efb5139a1cac1733
51011,ALIGNED,CF_TIME_SHUFFLE,0.2583424702516345,0.25472222222222224,dc4fdc89ce347733b811d98af9414373cae8b9dda80e89f00ae3e2013d8684a9,c080c3ebf02c504ea4f225a5a0fc93e6833535f3e9f27782efb5139a1cac1733
51011,ALIGNED,GENERIC_MATCHED_RBF,0.05580929538560432,0.25472222222222224,dc4fdc89ce347733b811d98af9414373cae8b9dda80e89f00ae3e2013d8684a9,c080c3ebf02c504ea4f225a5a0fc93e6833535f3e9f27782efb5139a1cac1733
51011,ALIGNED,EXACT_REPLAY_REFERENCE,0.07089328363070561,0.25472222222222224,dc4fdc89ce347733b811d98af9414373cae8b9dda80e89f00ae3e2013d8684a9,c080c3ebf02c504ea4f225a5a0fc93e6833535f3e9f27782efb5139a1cac1733
51011,BROKEN,CF_TIMED_LOCAL,0.25488380023013846,0.25472222222222224,dc4fdc89ce347733b811d98af9414373cae8b9dda80e89f00ae3e2013d8684a9,be4e2eb46798339d769b857cc94aa064a6f38a35bb7e774cf5a6c8c28515313e
51011,BROKEN,NO_TRACE,0.2551073209564627,0.25472222222222224,dc4fdc89ce347733b811d98af9414373cae8b9dda80e89f00ae3e2013d8684a9,be4e2eb46798339d769b857cc94aa064a6f38a35bb7e774cf5a6c8c28515313e
51011,BROKEN,CF_TIME_SHUFFLE,0.25597905121282194,0.25472222222222224,dc4fdc89ce347733b811d98af9414373cae8b9dda80e89f00ae3e2013d8684a9,be4e2eb46798339d769b857cc94aa064a6f38a35bb7e774cf5a6c8c28515313e
51011,BROKEN,GENERIC_MATCHED_RBF,0.2581500677206917,0.25472222222222224,dc4fdc89ce347733b811d98af9414373cae8b9dda80e89f00ae3e2013d8684a9,be4e2eb46798339d769b857cc94aa064a6f38a35bb7e774cf5a6c8c28515313e
51011,BROKEN,EXACT_REPLAY_REFERENCE,0.26256117666172735,0.25472222222222224,dc4fdc89ce347733b811d98af9414373cae8b9dda80e89f00ae3e2013d8684a9,be4e2eb46798339d769b857cc94aa064a6f38a35bb7e774cf5a6c8c28515313e
51012,ALIGNED,CF_TIMED_LOCAL,0.14856151833428,0.26962962962962966,ee35971feea683777e61549148cb22232dc6faf1cbb54bd7f296cec7a9c0648e,730bbb0eceaf2d0b8593985d9d81ecde6d5cfa0e9637fcf0d8c709e1b88fe112
51012,ALIGNED,NO_TRACE,0.2694788487756423,0.26962962962962966,ee35971feea683777e61549148cb22232dc6faf1cbb54bd7f296cec7a9c0648e,730bbb0eceaf2d0b8593985d9d81ecde6d5cfa0e9637fcf0d8c709e1b88fe112
51012,ALIGNED,CF_TIME_SHUFFLE,0.27222206447050723,0.26962962962962966,ee35971feea683777e61549148cb22232dc6faf1cbb54bd7f296cec7a9c0648e,730bbb0eceaf2d0b8593985d9d81ecde6d5cfa0e9637fcf0d8c709e1b88fe112
51012,ALIGNED,GENERIC_MATCHED_RBF,0.0598475346210985,0.26962962962962966,ee35971feea683777e61549148cb22232dc6faf1cbb54bd7f296cec7a9c0648e,730bbb0eceaf2d0b8593985d9d81ecde6d5cfa0e9637fcf0d8c709e1b88fe112
51012,ALIGNED,EXACT_REPLAY_REFERENCE,0.07153359154658732,0.26962962962962966,ee35971feea683777e61549148cb22232dc6faf1cbb54bd7f296cec7a9c0648e,730bbb0eceaf2d0b8593985d9d81ecde6d5cfa0e9637fcf0d8c709e1b88fe112
51012,BROKEN,CF_TIMED_LOCAL,0.2689805080390909,0.26962962962962966,ee35971feea683777e61549148cb22232dc6faf1cbb54bd7f296cec7a9c0648e,43d9ba3b8367cf524e51d9598927d5f22c670efa3321e8da8853f7a967800a06
51012,BROKEN,NO_TRACE,0.2692770512397472,0.26962962962962966,ee35971feea683777e61549148cb22232dc6faf1cbb54bd7f296cec7a9c0648e,43d9ba3b8367cf524e51d9598927d5f22c670efa3321e8da8853f7a967800a06
51012,BROKEN,CF_TIME_SHUFFLE,0.2699863898871376,0.26962962962962966,ee35971feea683777e61549148cb22232dc6faf1cbb54bd7f296cec7a9c0648e,43d9ba3b8367cf524e51d9598927d5f22c670efa3321e8da8853f7a967800a06
51012,BROKEN,GENERIC_MATCHED_RBF,0.26950579270220476,0.26962962962962966,ee35971feea683777e61549148cb22232dc6faf1cbb54bd7f296cec7a9c0648e,43d9ba3b8367cf524e51d9598927d5f22c670efa3321e8da8853f7a967800a06
51012,BROKEN,EXACT_REPLAY_REFERENCE,0.27147572934995384,0.26962962962962966,ee35971feea683777e61549148cb22232dc6faf1cbb54bd7f296cec7a9c0648e,43d9ba3b8367cf524e51d9598927d5f22c670efa3321e8da8853f7a967800a06
51013,ALIGNED,CF_TIMED_LOCAL,0.14612746096507104,0.25657407407407407,fb5ae133acecb3beb4f16de52e99943b964f543ed2e880051e3dc85e4aa145db,22c5c0f0c66b83384a42f6e27353301144e642b07f00403c46beb2e3c7d5f56f
51013,ALIGNED,NO_TRACE,0.25688755065605934,0.25657407407407407,fb5ae133acecb3beb4f16de52e99943b964f543ed2e880051e3dc85e4aa145db,22c5c0f0c66b83384a42f6e27353301144e642b07f00403c46beb2e3c7d5f56f
51013,ALIGNED,CF_TIME_SHUFFLE,0.2544774818136086,0.25657407407407407,fb5ae133acecb3beb4f16de52e99943b964f543ed2e880051e3dc85e4aa145db,22c5c0f0c66b83384a42f6e27353301144e642b07f00403c46beb2e3c7d5f56f
51013,ALIGNED,GENERIC_MATCHED_RBF,0.05820955561784457,0.25657407407407407,fb5ae133acecb3beb4f16de52e99943b964f543ed2e880051e3dc85e4aa145db,22c5c0f0c66b83384a42f6e27353301144e642b07f00403c46beb2e3c7d5f56f
51013,ALIGNED,EXACT_REPLAY_REFERENCE,0.07514453880897097,0.25657407407407407,fb5ae133acecb3beb4f16de52e99943b964f543ed2e880051e3dc85e4aa145db,22c5c0f0c66b83384a42f6e27353301144e642b07f00403c46beb2e3c7d5f56f
51013,BROKEN,CF_TIMED_LOCAL,0.2575152496044749,0.25657407407407407,fb5ae133acecb3beb4f16de52e99943b964f543ed2e880051e3dc85e4aa145db,138257abd5d99e8cb251fce6af2b6a7cc73644decbb195df13d367a9c3bf290f
51013,BROKEN,NO_TRACE,0.2575609954631035,0.25657407407407407,fb5ae133acecb3beb4f16de52e99943b964f543ed2e880051e3dc85e4aa145db,138257abd5d99e8cb251fce6af2b6a7cc73644decbb195df13d367a9c3bf290f
51013,BROKEN,CF_TIME_SHUFFLE,0.25827134589220047,0.25657407407407407,fb5ae133acecb3beb4f16de52e99943b964f543ed2e880051e3dc85e4aa145db,138257abd5d99e8cb251fce6af2b6a7cc73644decbb195df13d367a9c3bf290f
51013,BROKEN,GENERIC_MATCHED_RBF,0.2551946341037996,0.25657407407407407,fb5ae133acecb3beb4f16de52e99943b964f543ed2e880051e3dc85e4aa145db,138257abd5d99e8cb251fce6af2b6a7cc73644decbb195df13d367a9c3bf290f
51013,BROKEN,EXACT_REPLAY_REFERENCE,0.2553092354861619,0.25657407407407407,fb5ae133acecb3beb4f16de52e99943b964f543ed2e880051e3dc85e4aa145db,138257abd5d99e8cb251fce6af2b6a7cc73644decbb195df13d367a9c3bf290f
51014,ALIGNED,CF_TIMED_LOCAL,0.13705141920957123,0.25972222222222224,b9c076cbd8aec80ed14fbd005f477712c50cd663ad0c89d13439d61432aab97a,df0086336a1a27b5a73550fb0e381c990d136256ed84a87f2dff054b96f7fa7d
51014,ALIGNED,NO_TRACE,0.25989638684656535,0.25972222222222224,b9c076cbd8aec80ed14fbd005f477712c50cd663ad0c89d13439d61432aab97a,df0086336a1a27b5a73550fb0e381c990d136256ed84a87f2dff054b96f7fa7d
51014,ALIGNED,CF_TIME_SHUFFLE,0.2632890165088413,0.25972222222222224,b9c076cbd8aec80ed14fbd005f477712c50cd663ad0c89d13439d61432aab97a,df0086336a1a27b5a73550fb0e381c990d136256ed84a87f2dff054b96f7fa7d
51014,ALIGNED,GENERIC_MATCHED_RBF,0.05518533274726803,0.25972222222222224,b9c076cbd8aec80ed14fbd005f477712c50cd663ad0c89d13439d61432aab97a,df0086336a1a27b5a73550fb0e381c990d136256ed84a87f2dff054b96f7fa7d
51014,ALIGNED,EXACT_REPLAY_REFERENCE,0.07157149662878992,0.25972222222222224,b9c076cbd8aec80ed14fbd005f477712c50cd663ad0c89d13439d61432aab97a,df0086336a1a27b5a73550fb0e381c990d136256ed84a87f2dff054b96f7fa7d
51014,BROKEN,CF_TIMED_LOCAL,0.2598344868565967,0.25972222222222224,b9c076cbd8aec80ed14fbd005f477712c50cd663ad0c89d13439d61432aab97a,05498f2c74e77b389a670282ab4bd0bc1418856d8889991450f872ee9ffbf667
51014,BROKEN,NO_TRACE,0.2597515570856287,0.25972222222222224,b9c076cbd8aec80ed14fbd005f477712c50cd663ad0c89d13439d61432aab97a,05498f2c74e77b389a670282ab4bd0bc1418856d8889991450f872ee9ffbf667
51014,BROKEN,CF_TIME_SHUFFLE,0.2599445923244873,0.25972222222222224,b9c076cbd8aec80ed14fbd005f477712c50cd663ad0c89d13439d61432aab97a,05498f2c74e77b389a670282ab4bd0bc1418856d8889991450f872ee9ffbf667
51014,BROKEN,GENERIC_MATCHED_RBF,0.2583456230498261,0.25972222222222224,b9c076cbd8aec80ed14fbd005f477712c50cd663ad0c89d13439d61432aab97a,05498f2c74e77b389a670282ab4bd0bc1418856d8889991450f872ee9ffbf667
51014,BROKEN,EXACT_REPLAY_REFERENCE,0.2623002764338394,0.25972222222222224,b9c076cbd8aec80ed14fbd005f477712c50cd663ad0c89d13439d61432aab97a,05498f2c74e77b389a670282ab4bd0bc1418856d8889991450f872ee9ffbf667
51015,ALIGNED,CF_TIMED_LOCAL,0.13913769071316695,0.25907407407407407,918b751ccdd0dde6d7525895aa8f86cb6f631a72fa9209bbbb64be94500ca802,a3b6e6ddb14c43df1090fdca5228ceb2da5f90da8f991cebdea7bd04547cc798
51015,ALIGNED,NO_TRACE,0.259175589756573,0.25907407407407407,918b751ccdd0dde6d7525895aa8f86cb6f631a72fa9209bbbb64be94500ca802,a3b6e6ddb14c43df1090fdca5228ceb2da5f90da8f991cebdea7bd04547cc798
51015,ALIGNED,CF_TIME_SHUFFLE,0.26467548864336415,0.25907407407407407,918b751ccdd0dde6d7525895aa8f86cb6f631a72fa9209bbbb64be94500ca802,a3b6e6ddb14c43df1090fdca5228ceb2da5f90da8f991cebdea7bd04547cc798
51015,ALIGNED,GENERIC_MATCHED_RBF,0.05396866739832289,0.25907407407407407,918b751ccdd0dde6d7525895aa8f86cb6f631a72fa9209bbbb64be94500ca802,a3b6e6ddb14c43df1090fdca5228ceb2da5f90da8f991cebdea7bd04547cc798
51015,ALIGNED,EXACT_REPLAY_REFERENCE,0.06747800449851908,0.25907407407407407,918b751ccdd0dde6d7525895aa8f86cb6f631a72fa9209bbbb64be94500ca802,a3b6e6ddb14c43df1090fdca5228ceb2da5f90da8f991cebdea7bd04547cc798
51015,BROKEN,CF_TIMED_LOCAL,0.25935985422628,0.25907407407407407,918b751ccdd0dde6d7525895aa8f86cb6f631a72fa9209bbbb64be94500ca802,233afefdc39c67bb7b7a007a7c009883c94e715876748cef9adabacb317c5db5
51015,BROKEN,NO_TRACE,0.25938205900998584,0.25907407407407407,918b751ccdd0dde6d7525895aa8f86cb6f631a72fa9209bbbb64be94500ca802,233afefdc39c67bb7b7a007a7c009883c94e715876748cef9adabacb317c5db5
51015,BROKEN,CF_TIME_SHUFFLE,0.259265095256549,0.25907407407407407,918b751ccdd0dde6d7525895aa8f86cb6f631a72fa9209bbbb64be94500ca802,233afefdc39c67bb7b7a007a7c009883c94e715876748cef9adabacb317c5db5
51015,BROKEN,GENERIC_MATCHED_RBF,0.26047694405578836,0.25907407407407407,918b751ccdd0dde6d7525895aa8f86cb6f631a72fa9209bbbb64be94500ca802,233afefdc39c67bb7b7a007a7c009883c94e715876748cef9adabacb317c5db5
51015,BROKEN,EXACT_REPLAY_REFERENCE,0.26070019916919374,0.25907407407407407,918b751ccdd0dde6d7525895aa8f86cb6f631a72fa9209bbbb64be94500ca802,233afefdc39c67bb7b7a007a7c009883c94e715876748cef9adabacb317c5db5
51016,ALIGNED,CF_TIMED_LOCAL,0.1448572029543463,0.25972222222222224,934cc8405496086eb54d3e8347fd96054ea5953dd1f5210b2dc2213625c643bc,5abe45a144fedebae6e5c5d927e93ac63891ad5f6756af7755a15caf3ecf9eb8
51016,ALIGNED,NO_TRACE,0.2597348713552992,0.25972222222222224,934cc8405496086eb54d3e8347fd96054ea5953dd1f5210b2dc2213625c643bc,5abe45a144fedebae6e5c5d927e93ac63891ad5f6756af7755a15caf3ecf9eb8
51016,ALIGNED,CF_TIME_SHUFFLE,0.2603544886948817,0.25972222222222224,934cc8405496086eb54d3e8347fd96054ea5953dd1f5210b2dc2213625c643bc,5abe45a144fedebae6e5c5d927e93ac63891ad5f6756af7755a15caf3ecf9eb8
51016,ALIGNED,GENERIC_MATCHED_RBF,0.055379445046194985,0.25972222222222224,934cc8405496086eb54d3e8347fd96054ea5953dd1f5210b2dc2213625c643bc,5abe45a144fedebae6e5c5d927e93ac63891ad5f6756af7755a15caf3ecf9eb8
51016,ALIGNED,EXACT_REPLAY_REFERENCE,0.06801687826659188,0.25972222222222224,934cc8405496086eb54d3e8347fd96054ea5953dd1f5210b2dc2213625c643bc,5abe45a144fedebae6e5c5d927e93ac63891ad5f6756af7755a15caf3ecf9eb8
51016,BROKEN,CF_TIMED_LOCAL,0.2596742306706237,0.25972222222222224,934cc8405496086eb54d3e8347fd96054ea5953dd1f5210b2dc2213625c643bc,a7b62b9adbc1c0c5ebd56334446ec0a1d15fc57aa242e85559383d284ab6ccc2
51016,BROKEN,NO_TRACE,0.2597962819583426,0.25972222222222224,934cc8405496086eb54d3e8347fd96054ea5953dd1f5210b2dc2213625c643bc,a7b62b9adbc1c0c5ebd56334446ec0a1d15fc57aa242e85559383d284ab6ccc2
51016,BROKEN,CF_TIME_SHUFFLE,0.2595368857112246,0.25972222222222224,934cc8405496086eb54d3e8347fd96054ea5953dd1f5210b2dc2213625c643bc,a7b62b9adbc1c0c5ebd56334446ec0a1d15fc57aa242e85559383d284ab6ccc2
51016,BROKEN,GENERIC_MATCHED_RBF,0.26246862666703863,0.25972222222222224,934cc8405496086eb54d3e8347fd96054ea5953dd1f5210b2dc2213625c643bc,a7b62b9adbc1c0c5ebd56334446ec0a1d15fc57aa242e85559383d284ab6ccc2
51016,BROKEN,EXACT_REPLAY_REFERENCE,0.26036371071781167,0.25972222222222224,934cc8405496086eb54d3e8347fd96054ea5953dd1f5210b2dc2213625c643bc,a7b62b9adbc1c0c5ebd56334446ec0a1d15fc57aa242e85559383d284ab6ccc2
51017,ALIGNED,CF_TIMED_LOCAL,0.13848201985313205,0.25296296296296295,d2c8dc62b88cfd17a65b3d2e4d41dfbc13d3ae0b46b0f0c0bb8e882f5349cbf5,1fb28005e33a422ba62405205bab1437b6e1a13c2da4ebb5e069cc07d3814880
51017,ALIGNED,NO_TRACE,0.25262126691135833,0.25296296296296295,d2c8dc62b88cfd17a65b3d2e4d41dfbc13d3ae0b46b0f0c0bb8e882f5349cbf5,1fb28005e33a422ba62405205bab1437b6e1a13c2da4ebb5e069cc07d3814880
51017,ALIGNED,CF_TIME_SHUFFLE,0.2544116908662612,0.25296296296296295,d2c8dc62b88cfd17a65b3d2e4d41dfbc13d3ae0b46b0f0c0bb8e882f5349cbf5,1fb28005e33a422ba62405205bab1437b6e1a13c2da4ebb5e069cc07d3814880
51017,ALIGNED,GENERIC_MATCHED_RBF,0.05621556242090193,0.25296296296296295,d2c8dc62b88cfd17a65b3d2e4d41dfbc13d3ae0b46b0f0c0bb8e882f5349cbf5,1fb28005e33a422ba62405205bab1437b6e1a13c2da4ebb5e069cc07d3814880
51017,ALIGNED,EXACT_REPLAY_REFERENCE,0.07049866249855989,0.25296296296296295,d2c8dc62b88cfd17a65b3d2e4d41dfbc13d3ae0b46b0f0c0bb8e882f5349cbf5,1fb28005e33a422ba62405205bab1437b6e1a13c2da4ebb5e069cc07d3814880
51017,BROKEN,CF_TIMED_LOCAL,0.25322046765965045,0.25296296296296295,d2c8dc62b88cfd17a65b3d2e4d41dfbc13d3ae0b46b0f0c0bb8e882f5349cbf5,012b16e0750ddb40888544474dc2c11d0b3517ee0b9e787bf3e99df7e0661201
51017,BROKEN,NO_TRACE,0.2526936580665841,0.25296296296296295,d2c8dc62b88cfd17a65b3d2e4d41dfbc13d3ae0b46b0f0c0bb8e882f5349cbf5,012b16e0750ddb40888544474dc2c11d0b3517ee0b9e787bf3e99df7e0661201
51017,BROKEN,CF_TIME_SHUFFLE,0.2536078752853287,0.25296296296296295,d2c8dc62b88cfd17a65b3d2e4d41dfbc13d3ae0b46b0f0c0bb8e882f5349cbf5,012b16e0750ddb40888544474dc2c11d0b3517ee0b9e787bf3e99df7e0661201
51017,BROKEN,GENERIC_MATCHED_RBF,0.25568093537995645,0.25296296296296295,d2c8dc62b88cfd17a65b3d2e4d41dfbc13d3ae0b46b0f0c0bb8e882f5349cbf5,012b16e0750ddb40888544474dc2c11d0b3517ee0b9e787bf3e99df7e0661201
51017,BROKEN,EXACT_REPLAY_REFERENCE,0.25703735311454096,0.25296296296296295,d2c8dc62b88cfd17a65b3d2e4d41dfbc13d3ae0b46b0f0c0bb8e882f5349cbf5,012b16e0750ddb40888544474dc2c11d0b3517ee0b9e787bf3e99df7e0661201
51018,ALIGNED,CF_TIMED_LOCAL,0.1419141119325605,0.25703703703703706,3cb33bc08d98548c972ea5a3b9f4873652d46a42d88b75b36b651c38ea548cf3,3e35306a3300fbecf3d49a990acdbc5c2d66767e7c9acb9bc417bcd8c4158c33
51018,ALIGNED,NO_TRACE,0.25511847396863124,0.25703703703703706,3cb33bc08d98548c972ea5a3b9f4873652d46a42d88b75b36b651c38ea548cf3,3e35306a3300fbecf3d49a990acdbc5c2d66767e7c9acb9bc417bcd8c4158c33
51018,ALIGNED,CF_TIME_SHUFFLE,0.25695777106963963,0.25703703703703706,3cb33bc08d98548c972ea5a3b9f4873652d46a42d88b75b36b651c38ea548cf3,3e35306a3300fbecf3d49a990acdbc5c2d66767e7c9acb9bc417bcd8c4158c33
51018,ALIGNED,GENERIC_MATCHED_RBF,0.05808253495949804,0.25703703703703706,3cb33bc08d98548c972ea5a3b9f4873652d46a42d88b75b36b651c38ea548cf3,3e35306a3300fbecf3d49a990acdbc5c2d66767e7c9acb9bc417bcd8c4158c33
51018,ALIGNED,EXACT_REPLAY_REFERENCE,0.07359620132243701,0.25703703703703706,3cb33bc08d98548c972ea5a3b9f4873652d46a42d88b75b36b651c38ea548cf3,3e35306a3300fbecf3d49a990acdbc5c2d66767e7c9acb9bc417bcd8c4158c33
51018,BROKEN,CF_TIMED_LOCAL,0.25673652241884953,0.25703703703703706,3cb33bc08d98548c972ea5a3b9f4873652d46a42d88b75b36b651c38ea548cf3,c36858289ab6c2c4743c781dc2642e272dbe4b8fe1ea1113f9111e3037fbd736
51018,BROKEN,NO_TRACE,0.2565043783889724,0.25703703703703706,3cb33bc08d98548c972ea5a3b9f4873652d46a42d88b75b36b651c38ea548cf3,c36858289ab6c2c4743c781dc2642e272dbe4b8fe1ea1113f9111e3037fbd736
51018,BROKEN,CF_TIME_SHUFFLE,0.2577120783434272,0.25703703703703706,3cb33bc08d98548c972ea5a3b9f4873652d46a42d88b75b36b651c38ea548cf3,c36858289ab6c2c4743c781dc2642e272dbe4b8fe1ea1113f9111e3037fbd736
51018,BROKEN,GENERIC_MATCHED_RBF,0.25565586895115183,0.25703703703703706,3cb33bc08d98548c972ea5a3b9f4873652d46a42d88b75b36b651c38ea548cf3,c36858289ab6c2c4743c781dc2642e272dbe4b8fe1ea1113f9111e3037fbd736
51018,BROKEN,EXACT_REPLAY_REFERENCE,0.2576260413382798,0.25703703703703706,3cb33bc08d98548c972ea5a3b9f4873652d46a42d88b75b36b651c38ea548cf3,c36858289ab6c2c4743c781dc2642e272dbe4b8fe1ea1113f9111e3037fbd736
51019,ALIGNED,CF_TIMED_LOCAL,0.1421226103042424,0.2538888888888889,9f516d7c684dd42a298f67a8c242d86f3c94547799f03d93f5c9e427d3cd254f,6c94d0a996c2f107d1bff1bd08985bdd21e6f7362eb9f6952493515393c97eba
51019,ALIGNED,NO_TRACE,0.2552916963591787,0.2538888888888889,9f516d7c684dd42a298f67a8c242d86f3c94547799f03d93f5c9e427d3cd254f,6c94d0a996c2f107d1bff1bd08985bdd21e6f7362eb9f6952493515393c97eba
51019,ALIGNED,CF_TIME_SHUFFLE,0.25335230133153885,0.2538888888888889,9f516d7c684dd42a298f67a8c242d86f3c94547799f03d93f5c9e427d3cd254f,6c94d0a996c2f107d1bff1bd08985bdd21e6f7362eb9f6952493515393c97eba
51019,ALIGNED,GENERIC_MATCHED_RBF,0.05806251950474198,0.2538888888888889,9f516d7c684dd42a298f67a8c242d86f3c94547799f03d93f5c9e427d3cd254f,6c94d0a996c2f107d1bff1bd08985bdd21e6f7362eb9f6952493515393c97eba
51019,ALIGNED,EXACT_REPLAY_REFERENCE,0.07290900652278355,0.2538888888888889,9f516d7c684dd42a298f67a8c242d86f3c94547799f03d93f5c9e427d3cd254f,6c94d0a996c2f107d1bff1bd08985bdd21e6f7362eb9f6952493515393c97eba
51019,BROKEN,CF_TIMED_LOCAL,0.25492538293847844,0.2538888888888889,9f516d7c684dd42a298f67a8c242d86f3c94547799f03d93f5c9e427d3cd254f,17f3250c4722377287d37b3edf5ae1304a3b084ef152dfb7d0f019e76ebb9e5b
51019,BROKEN,NO_TRACE,0.2549007522343367,0.2538888888888889,9f516d7c684dd42a298f67a8c242d86f3c94547799f03d93f5c9e427d3cd254f,17f3250c4722377287d37b3edf5ae1304a3b084ef152dfb7d0f019e76ebb9e5b
51019,BROKEN,CF_TIME_SHUFFLE,0.25653302248914095,0.2538888888888889,9f516d7c684dd42a298f67a8c242d86f3c94547799f03d93f5c9e427d3cd254f,17f3250c4722377287d37b3edf5ae1304a3b084ef152dfb7d0f019e76ebb9e5b
51019,BROKEN,GENERIC_MATCHED_RBF,0.257143438239833,0.2538888888888889,9f516d7c684dd42a298f67a8c242d86f3c94547799f03d93f5c9e427d3cd254f,17f3250c4722377287d37b3edf5ae1304a3b084ef152dfb7d0f019e76ebb9e5b
51019,BROKEN,EXACT_REPLAY_REFERENCE,0.2590316343588406,0.2538888888888889,9f516d7c684dd42a298f67a8c242d86f3c94547799f03d93f5c9e427d3cd254f,17f3250c4722377287d37b3edf5ae1304a3b084ef152dfb7d0f019e76ebb9e5b
51020,ALIGNED,CF_TIMED_LOCAL,0.15097858309608317,0.26055555555555554,499fc5e633251703822c78b3370339e08d4ed71e0f4daeda170bc3e86fcd2f48,6479d043c14f35a7e31cb68dcb9aab8f6d658b3f4fdd7a715f30809eed079e72
51020,ALIGNED,NO_TRACE,0.2599646222311429,0.26055555555555554,499fc5e633251703822c78b3370339e08d4ed71e0f4daeda170bc3e86fcd2f48,6479d043c14f35a7e31cb68dcb9aab8f6d658b3f4fdd7a715f30809eed079e72
51020,ALIGNED,CF_TIME_SHUFFLE,0.2612713304769835,0.26055555555555554,499fc5e633251703822c78b3370339e08d4ed71e0f4daeda170bc3e86fcd2f48,6479d043c14f35a7e31cb68dcb9aab8f6d658b3f4fdd7a715f30809eed079e72
51020,ALIGNED,GENERIC_MATCHED_RBF,0.05596749111658174,0.26055555555555554,499fc5e633251703822c78b3370339e08d4ed71e0f4daeda170bc3e86fcd2f48,6479d043c14f35a7e31cb68dcb9aab8f6d658b3f4fdd7a715f30809eed079e72
51020,ALIGNED,EXACT_REPLAY_REFERENCE,0.07423763172906919,0.26055555555555554,499fc5e633251703822c78b3370339e08d4ed71e0f4daeda170bc3e86fcd2f48,6479d043c14f35a7e31cb68dcb9aab8f6d658b3f4fdd7a715f30809eed079e72
51020,BROKEN,CF_TIMED_LOCAL,0.2593363747942125,0.26055555555555554,499fc5e633251703822c78b3370339e08d4ed71e0f4daeda170bc3e86fcd2f48,70dbc9772c820328a04465e35582b5c13a65c29d3399d5345508c86a8c9910de
51020,BROKEN,NO_TRACE,0.25907463251315027,0.26055555555555554,499fc5e633251703822c78b3370339e08d4ed71e0f4daeda170bc3e86fcd2f48,70dbc9772c820328a04465e35582b5c13a65c29d3399d5345508c86a8c9910de
51020,BROKEN,CF_TIME_SHUFFLE,0.2600110612403322,0.26055555555555554,499fc5e633251703822c78b3370339e08d4ed71e0f4daeda170bc3e86fcd2f48,70dbc9772c820328a04465e35582b5c13a65c29d3399d5345508c86a8c9910de
51020,BROKEN,GENERIC_MATCHED_RBF,0.26148514670920764,0.26055555555555554,499fc5e633251703822c78b3370339e08d4ed71e0f4daeda170bc3e86fcd2f48,70dbc9772c820328a04465e35582b5c13a65c29d3399d5345508c86a8c9910de
51020,BROKEN,EXACT_REPLAY_REFERENCE,0.2650667716581833,0.26055555555555554,499fc5e633251703822c78b3370339e08d4ed71e0f4daeda170bc3e86fcd2f48,70dbc9772c820328a04465e35582b5c13a65c29d3399d5345508c86a8c9910de
51021,ALIGNED,CF_TIMED_LOCAL,0.13208030762556702,0.24916666666666668,0ba2fe16146542aed8b0c4afbf917a12841ccf63d94ac88d3babcca15703828b,a6a26056c847058e5cb4dbce57ecc70b544545199e653fa946ff2f137b1a29c8
51021,ALIGNED,NO_TRACE,0.2511092572549752,0.24916666666666668,0ba2fe16146542aed8b0c4afbf917a12841ccf63d94ac88d3babcca15703828b,a6a26056c847058e5cb4dbce57ecc70b544545199e653fa946ff2f137b1a29c8
51021,ALIGNED,CF_TIME_SHUFFLE,0.24647187698045764,0.24916666666666668,0ba2fe16146542aed8b0c4afbf917a12841ccf63d94ac88d3babcca15703828b,a6a26056c847058e5cb4dbce57ecc70b544545199e653fa946ff2f137b1a29c8
51021,ALIGNED,GENERIC_MATCHED_RBF,0.05661101910015117,0.24916666666666668,0ba2fe16146542aed8b0c4afbf917a12841ccf63d94ac88d3babcca15703828b,a6a26056c847058e5cb4dbce57ecc70b544545199e653fa946ff2f137b1a29c8
51021,ALIGNED,EXACT_REPLAY_REFERENCE,0.07114460407903503,0.24916666666666668,0ba2fe16146542aed8b0c4afbf917a12841ccf63d94ac88d3babcca15703828b,a6a26056c847058e5cb4dbce57ecc70b544545199e653fa946ff2f137b1a29c8
51021,BROKEN,CF_TIMED_LOCAL,0.24914477111545258,0.24916666666666668,0ba2fe16146542aed8b0c4afbf917a12841ccf63d94ac88d3babcca15703828b,e480daab5b4b85d5f5744db195171acd2eefae56b08a32aaa773597d753066e1
51021,BROKEN,NO_TRACE,0.24957814136484646,0.24916666666666668,0ba2fe16146542aed8b0c4afbf917a12841ccf63d94ac88d3babcca15703828b,e480daab5b4b85d5f5744db195171acd2eefae56b08a32aaa773597d753066e1
51021,BROKEN,CF_TIME_SHUFFLE,0.2503831246591097,0.24916666666666668,0ba2fe16146542aed8b0c4afbf917a12841ccf63d94ac88d3babcca15703828b,e480daab5b4b85d5f5744db195171acd2eefae56b08a32aaa773597d753066e1
51021,BROKEN,GENERIC_MATCHED_RBF,0.25140174851673197,0.24916666666666668,0ba2fe16146542aed8b0c4afbf917a12841ccf63d94ac88d3babcca15703828b,e480daab5b4b85d5f5744db195171acd2eefae56b08a32aaa773597d753066e1
51021,BROKEN,EXACT_REPLAY_REFERENCE,0.25010545953226165,0.24916666666666668,0ba2fe16146542aed8b0c4afbf917a12841ccf63d94ac88d3babcca15703828b,e480daab5b4b85d5f5744db195171acd2eefae56b08a32aaa773597d753066e1
51022,ALIGNED,CF_TIMED_LOCAL,0.13349986757136872,0.25037037037037035,9c515b0830db46d7b635c4a26b6a67c4ff28d6d1d02a881ab914241febcd3d0b,79b525866cfd14d422acd3a54cecbabf407cf725e303375e6a51d300dcc222ab
51022,ALIGNED,NO_TRACE,0.24958687945099628,0.25037037037037035,9c515b0830db46d7b635c4a26b6a67c4ff28d6d1d02a881ab914241febcd3d0b,79b525866cfd14d422acd3a54cecbabf407cf725e303375e6a51d300dcc222ab
51022,ALIGNED,CF_TIME_SHUFFLE,0.25049278153684856,0.25037037037037035,9c515b0830db46d7b635c4a26b6a67c4ff28d6d1d02a881ab914241febcd3d0b,79b525866cfd14d422acd3a54cecbabf407cf725e303375e6a51d300dcc222ab
51022,ALIGNED,GENERIC_MATCHED_RBF,0.053313893428946386,0.25037037037037035,9c515b0830db46d7b635c4a26b6a67c4ff28d6d1d02a881ab914241febcd3d0b,79b525866cfd14d422acd3a54cecbabf407cf725e303375e6a51d300dcc222ab
51022,ALIGNED,EXACT_REPLAY_REFERENCE,0.06383381072718955,0.25037037037037035,9c515b0830db46d7b635c4a26b6a67c4ff28d6d1d02a881ab914241febcd3d0b,79b525866cfd14d422acd3a54cecbabf407cf725e303375e6a51d300dcc222ab
51022,BROKEN,CF_TIMED_LOCAL,0.24967343921652163,0.25037037037037035,9c515b0830db46d7b635c4a26b6a67c4ff28d6d1d02a881ab914241febcd3d0b,3f899b4da80f23ae5476e8f1d49c7d76b02b61f8457ea9a90c2e50e106290b77
51022,BROKEN,NO_TRACE,0.24986292022699652,0.25037037037037035,9c515b0830db46d7b635c4a26b6a67c4ff28d6d1d02a881ab914241febcd3d0b,3f899b4da80f23ae5476e8f1d49c7d76b02b61f8457ea9a90c2e50e106290b77
51022,BROKEN,CF_TIME_SHUFFLE,0.24976198722673307,0.25037037037037035,9c515b0830db46d7b635c4a26b6a67c4ff28d6d1d02a881ab914241febcd3d0b,3f899b4da80f23ae5476e8f1d49c7d76b02b61f8457ea9a90c2e50e106290b77
51022,BROKEN,GENERIC_MATCHED_RBF,0.2507525543543606,0.25037037037037035,9c515b0830db46d7b635c4a26b6a67c4ff28d6d1d02a881ab914241febcd3d0b,3f899b4da80f23ae5476e8f1d49c7d76b02b61f8457ea9a90c2e50e106290b77
51022,BROKEN,EXACT_REPLAY_REFERENCE,0.2508503697252941,0.25037037037037035,9c515b0830db46d7b635c4a26b6a67c4ff28d6d1d02a881ab914241febcd3d0b,3f899b4da80f23ae5476e8f1d49c7d76b02b61f8457ea9a90c2e50e106290b77
51023,ALIGNED,CF_TIMED_LOCAL,0.1368664895012894,0.25574074074074077,d0e438cc845927aad5524781c343d93b777ff2a1522ae289cece5340714bed77,13b6e7eea9f3f4850007c56727967f2599f93799452ba5d612df571848db64fc
51023,ALIGNED,NO_TRACE,0.25514158836466944,0.25574074074074077,d0e438cc845927aad5524781c343d93b777ff2a1522ae289cece5340714bed77,13b6e7eea9f3f4850007c56727967f2599f93799452ba5d612df571848db64fc
51023,ALIGNED,CF_TIME_SHUFFLE,0.25858535011532513,0.25574074074074077,d0e438cc845927aad5524781c343d93b777ff2a1522ae289cece5340714bed77,13b6e7eea9f3f4850007c56727967f2599f93799452ba5d612df571848db64fc
51023,ALIGNED,GENERIC_MATCHED_RBF,0.058027800286892896,0.25574074074074077,d0e438cc845927aad5524781c343d93b777ff2a1522ae289cece5340714bed77,13b6e7eea9f3f4850007c56727967f2599f93799452ba5d612df571848db64fc
51023,ALIGNED,EXACT_REPLAY_REFERENCE,0.07273496036614342,0.25574074074074077,d0e438cc845927aad5524781c343d93b777ff2a1522ae289cece5340714bed77,13b6e7eea9f3f4850007c56727967f2599f93799452ba5d612df571848db64fc
51023,BROKEN,CF_TIMED_LOCAL,0.25512438069743815,0.25574074074074077,d0e438cc845927aad5524781c343d93b777ff2a1522ae289cece5340714bed77,8c8eee82fa019d66965aebc3eb7219c0d4e2ca42476fb5a5315daa58059f5d7c
51023,BROKEN,NO_TRACE,0.25518282809493453,0.25574074074074077,d0e438cc845927aad5524781c343d93b777ff2a1522ae289cece5340714bed77,8c8eee82fa019d66965aebc3eb7219c0d4e2ca42476fb5a5315daa58059f5d7c
51023,BROKEN,CF_TIME_SHUFFLE,0.2551832178080837,0.25574074074074077,d0e438cc845927aad5524781c343d93b777ff2a1522ae289cece5340714bed77,8c8eee82fa019d66965aebc3eb7219c0d4e2ca42476fb5a5315daa58059f5d7c
51023,BROKEN,GENERIC_MATCHED_RBF,0.2539987860744842,0.25574074074074077,d0e438cc845927aad5524781c343d93b777ff2a1522ae289cece5340714bed77,8c8eee82fa019d66965aebc3eb7219c0d4e2ca42476fb5a5315daa58059f5d7c
51023,BROKEN,EXACT_REPLAY_REFERENCE,0.2556552835983906,0.25574074074074077,d0e438cc845927aad5524781c343d93b777ff2a1522ae289cece5340714bed77,8c8eee82fa019d66965aebc3eb7219c0d4e2ca42476fb5a5315daa58059f5d7c
51024,ALIGNED,CF_TIMED_LOCAL,0.13097077612224625,0.2515740740740741,88c41b605a6198e062e279ff8e34f7f5b8e1765806c1afdc48abd5f4c05f15cb,8944a26ebe3dbdfaa26bb0522052911db2e87533aa0e8a227fc987eef95bda35
51024,ALIGNED,NO_TRACE,0.25125203671546137,0.2515740740740741,88c41b605a6198e062e279ff8e34f7f5b8e1765806c1afdc48abd5f4c05f15cb,8944a26ebe3dbdfaa26bb0522052911db2e87533aa0e8a227fc987eef95bda35
51024,ALIGNED,CF_TIME_SHUFFLE,0.25261456983002295,0.2515740740740741,88c41b605a6198e062e279ff8e34f7f5b8e1765806c1afdc48abd5f4c05f15cb,8944a26ebe3dbdfaa26bb0522052911db2e87533aa0e8a227fc987eef95bda35
51024,ALIGNED,GENERIC_MATCHED_RBF,0.054436342542979986,0.2515740740740741,88c41b605a6198e062e279ff8e34f7f5b8e1765806c1afdc48abd5f4c05f15cb,8944a26ebe3dbdfaa26bb0522052911db2e87533aa0e8a227fc987eef95bda35
51024,ALIGNED,EXACT_REPLAY_REFERENCE,0.06766051403813654,0.2515740740740741,88c41b605a6198e062e279ff8e34f7f5b8e1765806c1afdc48abd5f4c05f15cb,8944a26ebe3dbdfaa26bb0522052911db2e87533aa0e8a227fc987eef95bda35
51024,BROKEN,CF_TIMED_LOCAL,0.2516982925615522,0.2515740740740741,88c41b605a6198e062e279ff8e34f7f5b8e1765806c1afdc48abd5f4c05f15cb,6c03f7fe7871df2ec5bbccb3df0aaa62623f1086ee1aa5ab70a185e4ecc73a72
51024,BROKEN,NO_TRACE,0.25197010731842834,0.2515740740740741,88c41b605a6198e062e279ff8e34f7f5b8e1765806c1afdc48abd5f4c05f15cb,6c03f7fe7871df2ec5bbccb3df0aaa62623f1086ee1aa5ab70a185e4ecc73a72
51024,BROKEN,CF_TIME_SHUFFLE,0.25188446360622935,0.2515740740740741,88c41b605a6198e062e279ff8e34f7f5b8e1765806c1afdc48abd5f4c05f15cb,6c03f7fe7871df2ec5bbccb3df0aaa62623f1086ee1aa5ab70a185e4ecc73a72
51024,BROKEN,GENERIC_MATCHED_RBF,0.25400236370388457,0.2515740740740741,88c41b605a6198e062e279ff8e34f7f5b8e1765806c1afdc48abd5f4c05f15cb,6c03f7fe7871df2ec5bbccb3df0aaa62623f1086ee1aa5ab70a185e4ecc73a72
51024,BROKEN,EXACT_REPLAY_REFERENCE,0.2553129602079027,0.2515740740740741,88c41b605a6198e062e279ff8e34f7f5b8e1765806c1afdc48abd5f4c05f15cb,6c03f7fe7871df2ec5bbccb3df0aaa62623f1086ee1aa5ab70a185e4ecc73a72
51025,ALIGNED,CF_TIMED_LOCAL,0.13770845608870774,0.2526851851851852,c3ee6681bd880cf40c9b6759159546e746b50ff278e27c35c22b58e274a43289,caa8c48826039e22bf5e3746a1aebcb4c86b7f700cb1cae5aa297d4d24916ab0
51025,ALIGNED,NO_TRACE,0.25317406490978,0.2526851851851852,c3ee6681bd880cf40c9b6759159546e746b50ff278e27c35c22b58e274a43289,caa8c48826039e22bf5e3746a1aebcb4c86b7f700cb1cae5aa297d4d24916ab0
51025,ALIGNED,CF_TIME_SHUFFLE,0.26256657784762455,0.2526851851851852,c3ee6681bd880cf40c9b6759159546e746b50ff278e27c35c22b58e274a43289,caa8c48826039e22bf5e3746a1aebcb4c86b7f700cb1cae5aa297d4d24916ab0
51025,ALIGNED,GENERIC_MATCHED_RBF,0.057777460464886424,0.2526851851851852,c3ee6681bd880cf40c9b6759159546e746b50ff278e27c35c22b58e274a43289,caa8c48826039e22bf5e3746a1aebcb4c86b7f700cb1cae5aa297d4d24916ab0
51025,ALIGNED,EXACT_REPLAY_REFERENCE,0.07275861162241905,0.2526851851851852,c3ee6681bd880cf40c9b6759159546e746b50ff278e27c35c22b58e274a43289,caa8c48826039e22bf5e3746a1aebcb4c86b7f700cb1cae5aa297d4d24916ab0
51025,BROKEN,CF_TIMED_LOCAL,0.2529064160347375,0.2526851851851852,c3ee6681bd880cf40c9b6759159546e746b50ff278e27c35c22b58e274a43289,c5f052714b3c7dd96911129876fe118e5c5e10dce292d132831f0229696016a9
51025,BROKEN,NO_TRACE,0.2532561791026448,0.2526851851851852,c3ee6681bd880cf40c9b6759159546e746b50ff278e27c35c22b58e274a43289,c5f052714b3c7dd96911129876fe118e5c5e10dce292d132831f0229696016a9
51025,BROKEN,CF_TIME_SHUFFLE,0.2530839090452807,0.2526851851851852,c3ee6681bd880cf40c9b6759159546e746b50ff278e27c35c22b58e274a43289,c5f052714b3c7dd96911129876fe118e5c5e10dce292d132831f0229696016a9
51025,BROKEN,GENERIC_MATCHED_RBF,0.253303799366805,0.2526851851851852,c3ee6681bd880cf40c9b6759159546e746b50ff278e27c35c22b58e274a43289,c5f052714b3c7dd96911129876fe118e5c5e10dce292d132831f0229696016a9
51025,BROKEN,EXACT_REPLAY_REFERENCE,0.25463856102234267,0.2526851851851852,c3ee6681bd880cf40c9b6759159546e746b50ff278e27c35c22b58e274a43289,c5f052714b3c7dd96911129876fe118e5c5e10dce292d132831f0229696016a9
51026,ALIGNED,CF_TIMED_LOCAL,0.12964441645527897,0.24629629629629632,43822e1593d5f37c7f361a984dffb56a5337c4b9954dc1d3dce7d3c8b8f5276c,8f490ea9a1e53b411c6cab523ebcec3d78f815db2287d652aea6f80442b2c435
51026,ALIGNED,NO_TRACE,0.24514408837563592,0.24629629629629632,43822e1593d5f37c7f361a984dffb56a5337c4b9954dc1d3dce7d3c8b8f5276c,8f490ea9a1e53b411c6cab523ebcec3d78f815db2287d652aea6f80442b2c435
51026,ALIGNED,CF_TIME_SHUFFLE,0.24540742448325442,0.24629629629629632,43822e1593d5f37c7f361a984dffb56a5337c4b9954dc1d3dce7d3c8b8f5276c,8f490ea9a1e53b411c6cab523ebcec3d78f815db2287d652aea6f80442b2c435
51026,ALIGNED,GENERIC_MATCHED_RBF,0.05639750149949889,0.24629629629629632,43822e1593d5f37c7f361a984dffb56a5337c4b9954dc1d3dce7d3c8b8f5276c,8f490ea9a1e53b411c6cab523ebcec3d78f815db2287d652aea6f80442b2c435
51026,ALIGNED,EXACT_REPLAY_REFERENCE,0.07214366295963388,0.24629629629629632,43822e1593d5f37c7f361a984dffb56a5337c4b9954dc1d3dce7d3c8b8f5276c,8f490ea9a1e53b411c6cab523ebcec3d78f815db2287d652aea6f80442b2c435
51026,BROKEN,CF_TIMED_LOCAL,0.24570284240155751,0.24629629629629632,43822e1593d5f37c7f361a984dffb56a5337c4b9954dc1d3dce7d3c8b8f5276c,a795fd3cbdb0b4e2ba9d7c102db86d76b71953e8f279fe208dd4aa278cca4a20
51026,BROKEN,NO_TRACE,0.24568697121264652,0.24629629629629632,43822e1593d5f37c7f361a984dffb56a5337c4b9954dc1d3dce7d3c8b8f5276c,a795fd3cbdb0b4e2ba9d7c102db86d76b71953e8f279fe208dd4aa278cca4a20
51026,BROKEN,CF_TIME_SHUFFLE,0.24510917728073311,0.24629629629629632,43822e1593d5f37c7f361a984dffb56a5337c4b9954dc1d3dce7d3c8b8f5276c,a795fd3cbdb0b4e2ba9d7c102db86d76b71953e8f279fe208dd4aa278cca4a20
51026,BROKEN,GENERIC_MATCHED_RBF,0.24585508304174322,0.24629629629629632,43822e1593d5f37c7f361a984dffb56a5337c4b9954dc1d3dce7d3c8b8f5276c,a795fd3cbdb0b4e2ba9d7c102db86d76b71953e8f279fe208dd4aa278cca4a20
51026,BROKEN,EXACT_REPLAY_REFERENCE,0.24791262036047843,0.24629629629629632,43822e1593d5f37c7f361a984dffb56a5337c4b9954dc1d3dce7d3c8b8f5276c,a795fd3cbdb0b4e2ba9d7c102db86d76b71953e8f279fe208dd4aa278cca4a20
51027,ALIGNED,CF_TIMED_LOCAL,0.14294239089153868,0.2614814814814815,9b607bbac0931ffae0f270fcb5fe217888b2e594b67ec1272dcebd51379545cb,c9b1b60b244e809e9e3db25fe011a7d30f7c673b9a903c8e1940aaea6fb2208d
51027,ALIGNED,NO_TRACE,0.2624123262415361,0.2614814814814815,9b607bbac0931ffae0f270fcb5fe217888b2e594b67ec1272dcebd51379545cb,c9b1b60b244e809e9e3db25fe011a7d30f7c673b9a903c8e1940aaea6fb2208d
51027,ALIGNED,CF_TIME_SHUFFLE,0.262518804214826,0.2614814814814815,9b607bbac0931ffae0f270fcb5fe217888b2e594b67ec1272dcebd51379545cb,c9b1b60b244e809e9e3db25fe011a7d30f7c673b9a903c8e1940aaea6fb2208d
51027,ALIGNED,GENERIC_MATCHED_RBF,0.05392638474832993,0.2614814814814815,9b607bbac0931ffae0f270fcb5fe217888b2e594b67ec1272dcebd51379545cb,c9b1b60b244e809e9e3db25fe011a7d30f7c673b9a903c8e1940aaea6fb2208d
51027,ALIGNED,EXACT_REPLAY_REFERENCE,0.07341969145191321,0.2614814814814815,9b607bbac0931ffae0f270fcb5fe217888b2e594b67ec1272dcebd51379545cb,c9b1b60b244e809e9e3db25fe011a7d30f7c673b9a903c8e1940aaea6fb2208d
51027,BROKEN,CF_TIMED_LOCAL,0.26121343888408144,0.2614814814814815,9b607bbac0931ffae0f270fcb5fe217888b2e594b67ec1272dcebd51379545cb,4b009ea160a578c3e0e76abdb1739addffed0042f35906da6cd805535c179428
51027,BROKEN,NO_TRACE,0.2614402194753069,0.2614814814814815,9b607bbac0931ffae0f270fcb5fe217888b2e594b67ec1272dcebd51379545cb,4b009ea160a578c3e0e76abdb1739addffed0042f35906da6cd805535c179428
51027,BROKEN,CF_TIME_SHUFFLE,0.2630986590632716,0.2614814814814815,9b607bbac0931ffae0f270fcb5fe217888b2e594b67ec1272dcebd51379545cb,4b009ea160a578c3e0e76abdb1739addffed0042f35906da6cd805535c179428
51027,BROKEN,GENERIC_MATCHED_RBF,0.2628952623524606,0.2614814814814815,9b607bbac0931ffae0f270fcb5fe217888b2e594b67ec1272dcebd51379545cb,4b009ea160a578c3e0e76abdb1739addffed0042f35906da6cd805535c179428
51027,BROKEN,EXACT_REPLAY_REFERENCE,0.2650600994584391,0.2614814814814815,9b607bbac0931ffae0f270fcb5fe217888b2e594b67ec1272dcebd51379545cb,4b009ea160a578c3e0e76abdb1739addffed0042f35906da6cd805535c179428
51028,ALIGNED,CF_TIMED_LOCAL,0.14869525171496464,0.2574074074074074,673f4b73053920508590048e8ae7dddee88987b8224988defc3ebbd1bfa35feb,cadf895f1c4da9aaae7af89626966ec06ddbca9e3a0b21ea3e8f72a29d2dc0d9
51028,ALIGNED,NO_TRACE,0.2574823515381736,0.2574074074074074,673f4b73053920508590048e8ae7dddee88987b8224988defc3ebbd1bfa35feb,cadf895f1c4da9aaae7af89626966ec06ddbca9e3a0b21ea3e8f72a29d2dc0d9
51028,ALIGNED,CF_TIME_SHUFFLE,0.2644453303369084,0.2574074074074074,673f4b73053920508590048e8ae7dddee88987b8224988defc3ebbd1bfa35feb,cadf895f1c4da9aaae7af89626966ec06ddbca9e3a0b21ea3e8f72a29d2dc0d9
51028,ALIGNED,GENERIC_MATCHED_RBF,0.05714371648438336,0.2574074074074074,673f4b73053920508590048e8ae7dddee88987b8224988defc3ebbd1bfa35feb,cadf895f1c4da9aaae7af89626966ec06ddbca9e3a0b21ea3e8f72a29d2dc0d9
51028,ALIGNED,EXACT_REPLAY_REFERENCE,0.07485802617680287,0.2574074074074074,673f4b73053920508590048e8ae7dddee88987b8224988defc3ebbd1bfa35feb,cadf895f1c4da9aaae7af89626966ec06ddbca9e3a0b21ea3e8f72a29d2dc0d9
51028,BROKEN,CF_TIMED_LOCAL,0.2561872113306017,0.2574074074074074,673f4b73053920508590048e8ae7dddee88987b8224988defc3ebbd1bfa35feb,6f18ef0a9e58524bde9f37ab2095c231b90fb5f0592920b8177d3d686ed9940e
51028,BROKEN,NO_TRACE,0.2571806953099277,0.2574074074074074,673f4b73053920508590048e8ae7dddee88987b8224988defc3ebbd1bfa35feb,6f18ef0a9e58524bde9f37ab2095c231b90fb5f0592920b8177d3d686ed9940e
51028,BROKEN,CF_TIME_SHUFFLE,0.2572616580299736,0.2574074074074074,673f4b73053920508590048e8ae7dddee88987b8224988defc3ebbd1bfa35feb,6f18ef0a9e58524bde9f37ab2095c231b90fb5f0592920b8177d3d686ed9940e
51028,BROKEN,GENERIC_MATCHED_RBF,0.2562201023145684,0.2574074074074074,673f4b73053920508590048e8ae7dddee88987b8224988defc3ebbd1bfa35feb,6f18ef0a9e58524bde9f37ab2095c231b90fb5f0592920b8177d3d686ed9940e
51028,BROKEN,EXACT_REPLAY_REFERENCE,0.26054116460522936,0.2574074074074074,673f4b73053920508590048e8ae7dddee88987b8224988defc3ebbd1bfa35feb,6f18ef0a9e58524bde9f37ab2095c231b90fb5f0592920b8177d3d686ed9940e
51029,ALIGNED,CF_TIMED_LOCAL,0.1441823998458724,0.267037037037037,a77a6f2896fd14f57bd2e0112f52f74e9b530a02f3a085029e31888ac4b74788,b62b86a7b85fda57a4ffd873c9c6b54b2e40038737acad517dfa722563659792
51029,ALIGNED,NO_TRACE,0.2668086280544882,0.267037037037037,a77a6f2896fd14f57bd2e0112f52f74e9b530a02f3a085029e31888ac4b74788,b62b86a7b85fda57a4ffd873c9c6b54b2e40038737acad517dfa722563659792
51029,ALIGNED,CF_TIME_SHUFFLE,0.26312890943240375,0.267037037037037,a77a6f2896fd14f57bd2e0112f52f74e9b530a02f3a085029e31888ac4b74788,b62b86a7b85fda57a4ffd873c9c6b54b2e40038737acad517dfa722563659792
51029,ALIGNED,GENERIC_MATCHED_RBF,0.05675151592925348,0.267037037037037,a77a6f2896fd14f57bd2e0112f52f74e9b530a02f3a085029e31888ac4b74788,b62b86a7b85fda57a4ffd873c9c6b54b2e40038737acad517dfa722563659792
51029,ALIGNED,EXACT_REPLAY_REFERENCE,0.07106473336310772,0.267037037037037,a77a6f2896fd14f57bd2e0112f52f74e9b530a02f3a085029e31888ac4b74788,b62b86a7b85fda57a4ffd873c9c6b54b2e40038737acad517dfa722563659792
51029,BROKEN,CF_TIMED_LOCAL,0.2673726599995251,0.267037037037037,a77a6f2896fd14f57bd2e0112f52f74e9b530a02f3a085029e31888ac4b74788,9039a47d1b9a6c7a5bc7046804426464f8a11cab87ff7befce981de9783ea269
51029,BROKEN,NO_TRACE,0.26699213166121794,0.267037037037037,a77a6f2896fd14f57bd2e0112f52f74e9b530a02f3a085029e31888ac4b74788,9039a47d1b9a6c7a5bc7046804426464f8a11cab87ff7befce981de9783ea269
51029,BROKEN,CF_TIME_SHUFFLE,0.2668396243528868,0.267037037037037,a77a6f2896fd14f57bd2e0112f52f74e9b530a02f3a085029e31888ac4b74788,9039a47d1b9a6c7a5bc7046804426464f8a11cab87ff7befce981de9783ea269
51029,BROKEN,GENERIC_MATCHED_RBF,0.2681125285479977,0.267037037037037,a77a6f2896fd14f57bd2e0112f52f74e9b530a02f3a085029e31888ac4b74788,9039a47d1b9a6c7a5bc7046804426464f8a11cab87ff7befce981de9783ea269
51029,BROKEN,EXACT_REPLAY_REFERENCE,0.2730497213826097,0.267037037037037,a77a6f2896fd14f57bd2e0112f52f74e9b530a02f3a085029e31888ac4b74788,9039a47d1b9a6c7a5bc7046804426464f8a11cab87ff7befce981de9783ea269
