seed,arm,broken_minus_aligned_nmae
51000,CF_TIMED_LOCAL,0.1136823572451682
51001,CF_TIMED_LOCAL,0.11806454630403199
51002,CF_TIMED_LOCAL,0.11870688816739916
51003,CF_TIMED_LOCAL,0.12394586874396454
51004,CF_TIMED_LOCAL,0.11571804126459623
51005,CF_TIMED_LOCAL,0.11775691040631184
51006,CF_TIMED_LOCAL,0.1147600853073367
51007,CF_TIMED_LOCAL,0.11577425869965077
51008,CF_TIMED_LOCAL,0.12475111012551227
51009,CF_TIMED_LOCAL,0.11166297259876545
51010,CF_TIMED_LOCAL,0.11819156741603734
51011,CF_TIMED_LOCAL,0.11184121589738413
51012,CF_TIMED_LOCAL,0.12041898970481091
51013,CF_TIMED_LOCAL,0.11138778863940388
51014,CF_TIMED_LOCAL,0.12278306764702548
51015,CF_TIMED_LOCAL,0.12022216351311305
51016,CF_TIMED_LOCAL,0.11481702771627739
51017,CF_TIMED_LOCAL,0.1147384478065184
51018,CF_TIMED_LOCAL,0.11482241048628902
51019,CF_TIMED_LOCAL,0.11280277263423605
51020,CF_TIMED_LOCAL,0.10835779169812934
51021,CF_TIMED_LOCAL,0.11706446348988556
51022,CF_TIMED_LOCAL,0.1161735716451529
51023,CF_TIMED_LOCAL,0.11825789119614874
51024,CF_TIMED_LOCAL,0.12072751643930593
51025,CF_TIMED_LOCAL,0.11519795994602977
51026,CF_TIMED_LOCAL,0.11605842594627855
51027,CF_TIMED_LOCAL,0.11827104799254276
51028,CF_TIMED_LOCAL,0.10749195961563704
51029,CF_TIMED_LOCAL,0.1231902601536527
51000,NO_TRACE,7.135567155350242e-05
51001,NO_TRACE,3.468984898158389e-05
51002,NO_TRACE,-0.00017974148192373418
51003,NO_TRACE,0.0005798760619020182
51004,NO_TRACE,4.3613479763504603e-05
51005,NO_TRACE,0.0003846113504080151
51006,NO_TRACE,3.067548400143005e-05
51007,NO_TRACE,-0.0008347192672104042
51008,NO_TRACE,0.0012407682356297411
51009,NO_TRACE,-0.0035879366605250373
51010,NO_TRACE,0.000593454715079933
51011,NO_TRACE,-0.00027313458197802953
51012,NO_TRACE,-0.00020179753589510963
51013,NO_TRACE,0.0006734448070441768
51014,NO_TRACE,-0.00014482976093666
51015,NO_TRACE,0.00020646925341283318
51016,NO_TRACE,6.141060304337698e-05
51017,NO_TRACE,7.239115522578166e-05
51018,NO_TRACE,0.0013859044203411441
51019,NO_TRACE,-0.00039094412484197427
51020,NO_TRACE,-0.0008899897179926453
51021,NO_TRACE,-0.0015311158901287203
51022,NO_TRACE,0.00027604077600024146
51023,NO_TRACE,4.123973026509686e-05
51024,NO_TRACE,0.0007180706029669692
51025,NO_TRACE,8.21141928648017e-05
51026,NO_TRACE,0.0005428828370105943
51027,NO_TRACE,-0.0009721067662292193
51028,NO_TRACE,-0.00030165622824590566
51029,NO_TRACE,0.0001835036067297513
51000,CF_TIME_SHUFFLE,0.000446040331012143
51001,CF_TIME_SHUFFLE,-0.005829228698109756
51002,CF_TIME_SHUFFLE,-0.0027645902695985214
51003,CF_TIME_SHUFFLE,-0.0039047557639299013
51004,CF_TIME_SHUFFLE,-0.007106352525518667
51005,CF_TIME_SHUFFLE,0.00367093618087061
51006,CF_TIME_SHUFFLE,-0.0009324752909858902
51007,CF_TIME_SHUFFLE,-0.00497219427762452
51008,CF_TIME_SHUFFLE,0.0017522931406579456
51009,CF_TIME_SHUFFLE,0.0009159079049315677
51010,CF_TIME_SHUFFLE,0.004874436719548236
51011,CF_TIME_SHUFFLE,-0.002363419038812542
51012,CF_TIME_SHUFFLE,-0.002235674583369651
51013,CF_TIME_SHUFFLE,0.003793864078591891
51014,CF_TIME_SHUFFLE,-0.003344424184353989
51015,CF_TIME_SHUFFLE,-0.005410393386815149
51016,CF_TIME_SHUFFLE,-0.0008176029836571286
51017,CF_TIME_SHUFFLE,-0.0008038155809325098
51018,CF_TIME_SHUFFLE,0.0007543072737875578
51019,CF_TIME_SHUFFLE,0.0031807211576020955
51020,CF_TIME_SHUFFLE,-0.0012602692366512902
51021,CF_TIME_SHUFFLE,0.0039112476786520856
51022,CF_TIME_SHUFFLE,-0.0007307943101154957
51023,CF_TIME_SHUFFLE,-0.0034021323072414567
51024,CF_TIME_SHUFFLE,-0.0007301062237936029
51025,CF_TIME_SHUFFLE,-0.00948266880234383
51026,CF_TIME_SHUFFLE,-0.00029824720252130676
51027,CF_TIME_SHUFFLE,0.0005798548484456378
51028,CF_TIME_SHUFFLE,-0.007183672306934841
51029,CF_TIME_SHUFFLE,0.003710714920483027
51000,GENERIC_MATCHED_RBF,0.1910907521580736
51001,GENERIC_MATCHED_RBF,0.21061142146624046
51002,GENERIC_MATCHED_RBF,0.20381091748861763
51003,GENERIC_MATCHED_RBF,0.2016698323021814
51004,GENERIC_MATCHED_RBF,0.2054761823565756
51005,GENERIC_MATCHED_RBF,0.21496720523799
51006,GENERIC_MATCHED_RBF,0.19865949579383188
51007,GENERIC_MATCHED_RBF,0.19988437777443072
51008,GENERIC_MATCHED_RBF,0.21277992931643464
51009,GENERIC_MATCHED_RBF,0.20877086711694248
51010,GENERIC_MATCHED_RBF,0.20443187427595955
51011,GENERIC_MATCHED_RBF,0.2023407723350874
51012,GENERIC_MATCHED_RBF,0.20965825808110627
51013,GENERIC_MATCHED_RBF,0.19698507848595503
51014,GENERIC_MATCHED_RBF,0.20316029030255808
51015,GENERIC_MATCHED_RBF,0.20650827665746546
51016,GENERIC_MATCHED_RBF,0.20708918162084364
51017,GENERIC_MATCHED_RBF,0.19946537295905453
51018,GENERIC_MATCHED_RBF,0.19757333399165378
51019,GENERIC_MATCHED_RBF,0.199080918735091
51020,GENERIC_MATCHED_RBF,0.20551765559262591
51021,GENERIC_MATCHED_RBF,0.1947907294165808
51022,GENERIC_MATCHED_RBF,0.19743866092541423
51023,GENERIC_MATCHED_RBF,0.19597098578759128
51024,GENERIC_MATCHED_RBF,0.19956602116090458
51025,GENERIC_MATCHED_RBF,0.19552633890191862
51026,GENERIC_MATCHED_RBF,0.18945758154224435
51027,GENERIC_MATCHED_RBF,0.20896887760413066
51028,GENERIC_MATCHED_RBF,0.19907638583018503
51029,GENERIC_MATCHED_RBF,0.21136101261874424
51000,EXACT_REPLAY_REFERENCE,0.1758267277531797
51001,EXACT_REPLAY_REFERENCE,0.20093294226570618
51002,EXACT_REPLAY_REFERENCE,0.19343326318153348
51003,EXACT_REPLAY_REFERENCE,0.1895325986581891
51004,EXACT_REPLAY_REFERENCE,0.1943594131091002
51005,EXACT_REPLAY_REFERENCE,0.20385660670933456
51006,EXACT_REPLAY_REFERENCE,0.18595642297166165
51007,EXACT_REPLAY_REFERENCE,0.18329693732539032
51008,EXACT_REPLAY_REFERENCE,0.19955268914962737
51009,EXACT_REPLAY_REFERENCE,0.199223517136414
51010,EXACT_REPLAY_REFERENCE,0.19147813958104695
51011,EXACT_REPLAY_REFERENCE,0.19166789303102172
51012,EXACT_REPLAY_REFERENCE,0.1999421378033665
51013,EXACT_REPLAY_REFERENCE,0.18016469667719093
51014,EXACT_REPLAY_REFERENCE,0.1907287798050495
51015,EXACT_REPLAY_REFERENCE,0.19322219467067464
51016,EXACT_REPLAY_REFERENCE,0.1923468324512198
51017,EXACT_REPLAY_REFERENCE,0.18653869061598105
51018,EXACT_REPLAY_REFERENCE,0.18402984001584283
51019,EXACT_REPLAY_REFERENCE,0.18612262783605704
51020,EXACT_REPLAY_REFERENCE,0.19082913992911413
51021,EXACT_REPLAY_REFERENCE,0.17896085545322662
51022,EXACT_REPLAY_REFERENCE,0.18701655899810457
51023,EXACT_REPLAY_REFERENCE,0.18292032323224722
51024,EXACT_REPLAY_REFERENCE,0.18765244616976612
51025,EXACT_REPLAY_REFERENCE,0.18187994939992363
51026,EXACT_REPLAY_REFERENCE,0.17576895740084453
51027,EXACT_REPLAY_REFERENCE,0.1916404080065259
51028,EXACT_REPLAY_REFERENCE,0.1856831384284265
51029,EXACT_REPLAY_REFERENCE,0.201984988019502
