claim_id,proposed_claim,evidence_source,unit_or_scope,classification,ceiling,status
C01,"In the recovered Step-2/3/3A calibration/falsification sequence under the M0 workstream, no tested nonzero interference level met the frozen conjunction for recurrent topology over passive identity-like persistence.","NeuroMech M0 archive in evidence/m0_source_archive/: corrected report; Step-3/3A seed outputs, verdicts, resolved configurations and manifests; see evidence/M0_PROVENANCE_AUDIT.md",eight paired weight seeds per species × interference cell,BOUNDARY,"Planned M0 pilot and T00–T11 main experiment are not documented as completed. No full raw-to-result reconstruction; no conclusion that biological topology is generally useless.",STORED OUTPUTS RECOVERED AND SUMMARIES RECOMPUTED; INPUT DATASETS/GRAPH TENSORS AND EXACT COMMAND ABSENT; HISTORICAL WORKTREE DIRTY
C02,The predicted positive recurrence-persistence association was not supported in the retrospective Fish1.5 analysis.,NeuroMotif 1adc07f: FISH15_PRIMARY_RESULT.json/.md and experiment contract,one specimen; 82 neurons,BOUNDARY,"rho=-0.1096; positive permutation p=0.8337; 95% neuron bootstrap CI [-0.2932, 0.1338]. Not population-level evidence. Frozen null invalid: 861/1000 null statistics undefined.",SOURCE REPORT READ; ONE FILE CHECKSUM STALE; FILE HASHES IN SELECTED_ARTIFACTS.csv
C03,Published C. elegans evidence supports motor-state feedback into AIY and a role in sustained forward thermotaxis.,Ji et al. 2021 primary source; NeuroMech M2 contract and results,published source scope,SUPPORTING,"Premotor/corollary-discharge-like state, not measured post-actuator body velocity. Local animal-level reanalysis is blocked by schema.",PRIMARY CITATION VERIFIED; CLAIM SCOPE REVIEWED
C04,Sensory-site feedback beat output-site persistence on accuracy at h=0.05 in one synthetic telegraph-state task.,"NeuroMech 3e5c458: M2 placement contract/results, canonical run manifest/summary and episode metrics",30 training-seed means; synthetic task,ENGINEERING_ONLY,"88.94% vs 82.14%; paired difference +6.80 pp (crossed 95% CI [+6.48,+7.12]). It did not beat no-feedback (89.05%), generic 2-unit RNN (90.21%) or Bayes filter (90.30%). Post-result exploratory, not biological validation.",INDEPENDENT STORED-OUTPUT VERIFIER PASS; SOURCE HASHES PASS
C05,The modeled CF-timed LTD weights predicted held-out temporal ordering within source sessions better than uniform and timing-shuffled weights.,"NeuroMech 3e5c458: M5 CF-LTD held-out-readout contract/results, run manifest and session outputs",16 source sessions; within-session splits,SUPPORTING,"Post-result exploratory source-data analysis; weights are modeled, not measured synaptic strengths. Descriptive, not animal-level or causal evidence; ridge reference was stronger on average.",INDEPENDENT STORED-OUTPUT VERIFIER PASS; MANIFEST OUTPUT HASHES PASS
C06,Source-defined CF-LTD failed its frozen transfer criterion in the tested synthetic interval task.,"NeuroMech 3e5c458: M5 CF-LTD transfer V2 contract/results, run manifest and paired outputs","12 task seeds; 96,000 episode-arm rows",BOUNDARY,"MAE 0.1252 s for CF-LTD vs 0.1097 s no-trace, 0.1252 s CF-time-shuffled and 0.1030 s generic RBF. Independent target jitter was absent from inputs; this bounds this task/implementation, not cerebellar biology generally.",INDEPENDENT STORED-OUTPUT VERIFIER PASS; ALL 8 OUTPUT HASHES PASS
C07,"The combined record does not establish a general neural-to-AI transfer law; biological provenance, computational correspondence and artificial utility require separate evidence.",Retrospective synthesis of C01-C06 and source portfolio records,project-level argument,SUPPORTING,Editorial/methodological interpretation only. Heterogeneous studies do not share one estimand; hierarchy is not validated.,DRAFT; INDEPENDENT CLAIM REVIEW PENDING
C08,"In one synthetic delayed-XOR task, eligibility traces improved over no-trace and one-step truncated BPTT, while longer truncated BPTT and full BPTT performed better.","NeuroMech 3e5c458: M5_ELIGIBILITY_TRUNCATED_BPTT_V1 contract, results and verified stored outputs",32 task seeds; synthetic delayed-XOR classification,ENGINEERING_ONLY,"Accuracy: eligibility 0.6974; no-trace/TBPTT-1 0.5562; TBPTT-4 0.9633; full BPTT 0.9996. Eligibility−no-trace +0.1413 (95% CI [+0.0719,+0.2129]); eligibility trails TBPTT-4. Post-result exploratory; does not establish biological superiority.",STORED POSTRUN VERIFICATION PASS; SELECTED FILES PINNED; SOURCE SUMS MANIFEST HAS STALE/UNRESOLVED ENTRIES
C09,"Eligibility traces generalized across three fixed synthetic task generators relative to no-trace, but exact replay outperformed eligibility in every generator-by-delay cell.","NeuroMech 3e5c458: M5_TASK_GENERATOR_GENERALIZATION contract, results and stored outputs","12 generator × delay cells; 1,080 metric rows; synthetic classification",ENGINEERING_ONLY,"Mean eligibility−no-trace effect +0.2284 (95% CI [+0.2213,+0.2357]); exact replay overall mean 0.7609 vs eligibility 0.5590 and no-trace 0.3305. Fixed generators only, post-result exploratory; exact replay is a stronger comparator.",STORED POSTRUN VERIFICATION PASS; SELECTED FILES PINNED; SOURCE SUMS MANIFEST HAS STALE/UNRESOLVED ENTRIES
C10,"In the frozen hidden-reversal controller benchmark, adding a direct realized-state input did not improve AcRKN tracking over action-conditioned inference.",NeuroConverge prospective extension: M2_REALIZED_STATE_VS_ACTION_BELIEF_V1; exact source hashes in SOURCE_PROVENANCE.json,32 paired training-seed blocks; synthetic episodes are repeated observations,ENGINEERING_ONLY|BOUNDARY,"Action-only minus realized-state MSE = -0.068094 (paired seed-block bootstrap 95% CI [-0.141077,-0.003541]); realized-state arm performed worse. Generic GRU and task-aware particle filter outperformed AcRKN. Outcome-informed synthetic actuator observability only; not biological transfer.",TWO FULL RUNS; BOTH VERIFIERS PASS; SCIENTIFIC OUTPUTS EXACT AFTER DECLARED TIMING EXCLUSIONS
C11,"In one frozen synthetic timing task, preserving trial-specific input-target correspondence improved the source-inspired local rule, while generic controls showed larger correspondence effects.",NeuroConverge prospective extension: M5_CORRESPONDENCE_PRESERVED_TIMING_V1; hashes and post-run comparator audit in module folder,30 paired task seeds; synthetic timing task,ENGINEERING_ONLY|BOUNDARY,"CF nMAE(BROKEN)-nMAE(ALIGNED) = +0.116588 (95% CI [+0.115072,+0.118065], 30/30 positive); generic same-feature ridge +0.202390; exact replay +0.189552. Generic comparator shares features but is not strictly parameter matched. Synthetic result only; no biological or general AI claim.",FROZEN RUN; INDEPENDENT VERIFIER PASS; POST-RUN MATCHING CAVEAT DOCUMENTED
C12,"In the IRCN budget-matched scheduling pilot, no scheduler control satisfied the frozen per-seed realized-MAC eligibility rule in either task family, so no primary baseline could be selected and no confirmatory sample size fixed.","IRCN v0.8.0/cbcc: confirmatory_freeze.json (CBCC-confirmatory-v2), pilot_seed_metrics.csv, both validation_gate.json records, research/cbcc/run_experiment.py eligibility code; disposition at evidence/IRCN_EVIDENCE_DISPOSITION.json",8 pilot seeds per family (1300-1307); 7 policies; 2 synthetic task families,BOUNDARY,"Eligibility required abs(MAC_control - MAC_treatment)/max(MAC_treatment,1) <= 0.01 on EVERY seed, so a control's admissibility depends on the treatment's own realized consumption. sparse_key: treatment 500,288-508,160 MAC/seed, controls off by 3.79%-15.74%; feedback_switch: treatment 25,344/seed, controls off by 1466.92%-1987.63%. primary_baseline=None; n_confirmatory_seeds=0; sample_size_feasible=False; test seeds empty. This is a comparison-contract boundary, not a mechanism failure and not evidence that the scheduler is inefficacious.",NUMBERS RECOMPUTED FROM pilot_seed_metrics.csv AND MATCHED TO confirmatory_freeze.json TO 1e-12; CONFIRMATORY EVALUATION NOT RUN
C13,"The IRCN pilot's treatment did not beat the zero-output reference descriptively, and its feedback-switch critical-event recall was zero.",IRCN v0.8.0/cbcc pilot_seed_metrics.csv and research/cbcc/cbcc_experiment_report.md,8 pilot seeds per family; synthetic task,ENGINEERING_ONLY,"sparse_key mean loss 0.01083973 vs zero-output 0.01083902; feedback_switch 0.02612243 vs 0.02601414. Descriptive only, no inferential claim; the low feedback-switch MAC use and zero recall are consistent with an estimator that did not trigger rather than with a fair comparison that was lost. No confirmatory evaluation was run and no seed was tested.",DESCRIPTIVE MEANS OVER 8 PILOT SEEDS; NOT CONFIRMATORY; NO HOLM-ADJUSTED COMPARISON COMPUTED
C14,Passing an accuracy or software-semantics gate in the IRCN line did not license an efficiency or efficacy claim.,IRCN decision_v1.md; reports/FINAL_DECISION/FINAL_DECISION.md; E1_report.md; protocol_deviations.md; result/v0.7.0/COMPLETION_RECORD.md and decision_v1.md; reports/WORK_PACKAGE_STATUS.md,96/96 calibration and 240/240 untouched-seed cases; 21 runtime fixtures x 2 attempts; 1 invalidated calibration attempt,BOUNDARY,"WP1 PASS is scoped to correctness and trajectory accuracy only (max NRMSE 4.2635e-9 against a 6.8376e-8 limit). The v0.7.0 runtime bridge is READY for software semantics only (42/42 parity attempts, max state difference 2.8311e-15) and its own decision forbids entering the next evaluation stage or making an efficacy claim. The E1 calibration found no threshold at or below the frozen error ceiling, leaving E1_results.csv header-only, and carries a confirmed protocol deviation in that the smooth-input event cadence was set by implementation convention rather than frozen, so that negative result is not confirmatory. WP2 is INCONCLUSIVE and WP3-WP6 are BLOCKED.",ACCURACY AND SOFTWARE-SEMANTICS GATES PASSED WITHIN THEIR OWN SCOPE; NO EFFICIENCY OR EFFICACY CLAIM LICENSED; E2/E3/E4 NOT RUN
C15,"Including the IRCN line in this manuscript crosses a boundary that the line's own provenance record had declared, and the crossing is an owner-authorized scope amendment.",IRCN/data_provenance.md; IRCN/model/v0.7.0/DEVELOPMENT_CONTRACT_v0.2.md,project scope,ENGINEERING_ONLY,"IRCN/data_provenance.md classifies 'NeuroConverge and nmi_feedback_routing' as existing adjacent workspaces under a read-only boundary, not used as IRCN inputs. The v0.7.0 development contract excludes connectome input, NeuroConverge modification and NMI manuscript edits. Owner authorization on 2026-10-09 amended this for the present integration; neither declared boundary is rewritten, and IRCN's old experimental conclusions are not used as evidence inside IRCN itself.",OWNER-AUTHORIZED SCOPE AMENDMENT RECORDED; DECLARED BOUNDARIES PRESERVED AS HISTORY
