publication_claim_id,publication_branch_record,publication_commit,Route_D_V3_match,observed_portfolio_status,proposed_NeuroConverge_disposition,reason
C01,M0_PHASE1_WHOLE_CONNECTOME,local 555c064 + overlay,M0_PHASE1_WHOLE_CONNECTOME,INCLUDED,main_text_candidate,Same named bounded topology assay; source record is local overlay and requires file-level hash.
C02,FISH15_E1_PRIMARY_ASSOCIATION; FISH15_E1_FROZEN_TOPOLOGY_NULL,NeuroMotif 1adc07f,FISH15_E1_PRIMARY_ASSOCIATION; FISH15_E1_FROZEN_TOPOLOGY_NULL,INCLUDED,main_text_candidate,Keep primary association and invalid null distinct; single specimen and null undefinedness remain explicit.
C03,M2_JI2021_PUBLISHED_BIOLOGY; M2_E4_PUBLIC_SCHEMA_AUDIT,local 555c064 + published literature,M2_JI2021_PUBLISHED_BIOLOGY; M2_E4_PUBLIC_SCHEMA_AUDIT,INCLUDED,main_text_candidate,Published evidence and project schema block are distinct evidence records.
C04,M2_COROLLARY_DISCHARGE_PLACEMENT_TRANSFER_V1,NeuroMech 3e5c458,NO_EXACT_ROW,NOT_IN_V3_MATRIX,supplementary_only_branch_record,Exact package files and selected hashes are pinned to the publication branch; keep outside the canonical 39-row Route-D V3 disposition because there is no exact row and do not treat it as the whole M2 portfolio.
C05,M5_CEREBELLAR_CF_LTD_HELDOUT_READOUT_V1,NeuroMech 3e5c458,NO_EXACT_ROW,NOT_IN_V3_MATRIX,supplementary_only_branch_record,Exact package files and selected hashes are pinned to the publication branch; Route-D V3 classifies the broader M5_CEREBELLAR line as supplementary-only, so retain this descriptive reanalysis in SI and outside the canonical 39-row disposition.
C06,M5_CEREBELLAR_SOURCE_LTD_TRANSFER_V2,NeuroMech 3e5c458,NO_EXACT_ROW,NOT_IN_V3_MATRIX,supplementary_only_branch_record,Exact package files and selected hashes are pinned to the publication branch; keep distinct from other eligibility studies and retain the input-information mismatch and failed criterion in SI.
C07,RETROSPECTIVE_TRANSFER_FRAMEWORK,NeuroConverge synthesis,NO_EXACT_ROW,EDITORIAL_SYNTHESIS,main_text_candidate_with_novelty_review,"Organizing framework only; not a validated hierarchy, causal chain, or empirical scale."
C08,M5_ELIGIBILITY_TRUNCATED_BPTT_V1,NeuroMech 3e5c458,NO_EXACT_ROW (different M5_ELIGIBILITY_TEMPORAL_XOR_V2 exists),NOT_IN_V3_MATRIX_AS_SAME_RECORD,supplementary_only_branch_record_relationship_unresolved,Exact selected branch files are hash-pinned, but identity relative to the distinct M5_ELIGIBILITY_TEMPORAL_XOR_V2 and M10 records remains unresolved; keep the branch result separate and do not merge or treat as the Route-D record.
C09,M5_TASK_GENERATOR_GENERALIZATION,NeuroMech 3e5c458,M5_TASK_GENERATOR_GENERALIZATION,SUPPLEMENTARY_ONLY,supplementary,Record exists in V3 but is classified supplementary-only; its selected publication-branch files need exact hash crosswalk.
