record_id,classification_tags,bounded_result_or_status,inferential_unit_or_granularity,manuscript_scope,authoritative_source,interpretation_limit,evidence_record_state,neuroconverge_disposition
M0_PHASE1_WHOLE_CONNECTOME,NEGATIVE|ENGINEERING_ONLY,Frozen reservoir/topology assay did not show selective value-retention advantage over passive identity-like persistence; sustained interference reduced recoverable information.,Simulated graph/task realizations,INCLUDED,PHASE1_FALSIFICATION_REPORT.md; results/GATE_VERDICTS.md,"Bounded to tested graph mappings, dynamics, tasks and interventions; not a universal connectome or recurrence failure.",RECORDED_EVIDENCE_OR_AUDIT,main_text_candidate
M1_RR19_HIGHER_ORDER_PARTIAL,BOUNDARY|ENGINEERING_ONLY,"Step-4 H1/H3 were in predicted directions and H2 opposed prediction; the original four-hypothesis/Holm verdict remains unavailable. A distinct author-output H4 follow-up estimated a positive linear slope, but used a different post-result key set and cannot complete frozen H4.",Scene/image-derived units; partial post-result run,EXCLUDED_SEPARATE_WORKSTREAM,experiments/m1_higher_order/RR19_STEP4_PARTIAL_RESULTS.md; experiments/m1_higher_order/RR19_H4_EXTERNAL_POSTRESULT_INTERPRETATION.md; experiments/m1_higher_order/RR19_H4_EXTERNAL_POSTRESULT_RESULTS.md,"RR19 is source-model/computational evidence on visual scenes, not animal neural recordings. H4 follow-up does not restore the original 1,000-scene set, was run after H1-H3 were inspected, and cannot be combined into an overall confirmatory four-test verdict.",RECORDED_EVIDENCE_OR_AUDIT,separately_governed_excluded
RR19_H4_EXTERNAL_POSTRESULT_FOLLOWUP,SUPPORTING|BOUNDARY|ENGINEERING_ONLY,"Across 7,854 scene-level units from author-precomputed outputs, the post-result linear slope of Delta = 1 - Q_FULL against displayed skewness was +0.05797 Q/skewness (95% t interval [+0.05667,+0.05926]; unadjusted sign-flip p=1e-5). The 11 condition means were not strictly monotone and Delta was negative at every condition; frozen H4 and overall RR19 verdict remain unassigned.","Scene-level units; 8,000 scene-velocity keys collapsed within image_ID × row_pos × flip_flag; velocities are not independent scenes.",EXCLUDED_SEPARATE_WORKSTREAM,experiments/m1_higher_order/RR19_H4_EXTERNAL_POSTRESULT_RESULTS.json; experiments/m1_higher_order/RR19_H4_EXTERNAL_POSTRESULT_RESULTS.md; experiments/m1_higher_order/RR19_H4_EXTERNAL_POSTRESULT_INTERPRETATION.md; experiments/m1_higher_order/RR19_H4_EXTERNAL_SCHEMA_AUDIT.md,"Outcome-informed author-output recovery; source outputs do not contain the exact frozen 1,000-scene key set; not preregistered H4, not an overall Holm-adjusted RR19 verdict, and not biological validation.",RECORDED_EVIDENCE_OR_AUDIT,separately_governed_excluded
M2_JI2021_PUBLISHED_BIOLOGY,SUPPORTING,"Published cell-class-level evidence reports AFD/AIY sensory processing, RIM-dependent motor-state signal in AIY, and RIM-ablation effects on forward persistence.",Published experiments; identity scope cell class; animal units per source study,INCLUDED,experiments/biological_validation/O3_ROUTE2_REPORT_CLAIM_VERIFICATION_01.md; https://elifesciences.org/articles/68848,"Prior literature, not project replication; causal interpretation remains the published study scope.",RECORDED_EVIDENCE_OR_AUDIT,main_text_candidate
M2_E4_PUBLIC_SCHEMA_AUDIT,BOUNDARY,Frozen E4-v1 cannot be executed: RIM-ablation temperature alignment and behavior event-to-animal identity are not publicly joinable.,Required unit animal; unavailable audit keys,INCLUDED,results/candidate_screen/CE_AFD_AIY_RIM_E4_SCHEMA_CLOSURE_REPORT.md,Schema limit is not a biological null or mechanism failure.,RECORDED_EVIDENCE_OR_AUDIT,main_text_candidate
R20_01_MPOA_NTS_VTA_SUBSTRATE,BOUNDARY,Acquisition gate not passed; structural identity bridge is projectome-side; maximum granularity AXON_PROJECTION.,Projection level,INCLUDED,results/candidate_screen/R20_01_R22_FINAL_ACQUISITION_DISPOSITION.md,Not a mechanism test; public substrate does not reach synapse-resolved edge identity.,RECORDED_EVIDENCE_OR_AUDIT,supplementary
FISH15_E1_PRIMARY_ASSOCIATION,NEGATIVE|BOUNDARY,"Single-specimen neuron-level primary estimate did not support positive recurrence-persistence direction (n=82, rho=-0.1096, positive-direction p=0.8337, 95% CI [-0.2932,0.1338]).",Neuron within one specimen,INCLUDED,results/experiment1/FISH15_PRIMARY_RESULT.json,"Retrospective, one specimen; not population or causal inference.",RECORDED_EVIDENCE_OR_AUDIT,main_text_candidate
FISH15_E1_FROZEN_TOPOLOGY_NULL,INVALID|BOUNDARY,Only 139/1000 null graphs yielded defined statistic; per-node weighted strengths not preserved; no null p-value.,Graph-null draws nested within one observed specimen,INCLUDED,results/experiment1/FISH15_PRIMARY_RESULT.json; summery/FISH15_E1_TASK_COMPLIANCE_AUDIT_01/README.md,Invalid frozen null does not negate or reverse primary estimate.,RECORDED_EVIDENCE_OR_AUDIT,main_text_candidate
FISH15_POSTRESULT_RECURRENCE_NULL_V1,BOUNDARY|SUPPORTING,Outcome-informed conditioned-null sensitivity places observed rho within descriptive null range; not calibrated confirmatory inference.,Conditional null-chain states for one specimen,SUPPORTING_ONLY,data/results/FISH15_POSTRESULT_RECURRENCE_NULL_V1/CONDITIONED_NULL_SUMMARY.json; data/results/FISH15_POSTRESULT_RECURRENCE_NULL_V1/RESULTS.md,"Post-result, conditions away recurrence amount, not a replacement for frozen null.",RECORDED_EVIDENCE_OR_AUDIT,supplementary_secondary
DROSOPHILA_COUNTEREVIDENCE_NATURAL_SCENE_V1,NEGATIVE|BOUNDARY|ENGINEERING_ONLY,Frozen transfer signal not met at high coverage; no advantage over author-style or shuffled-cue CNN.,Held-out scene groups,SUPPLEMENTARY_ONLY,data/results/DROSOPHILA_COUNTEREVIDENCE_NATURAL_SCENE_V1/summary.json; summery/DROSOPHILA_COUNTEREVIDENCE_NATURAL_SCENE_V1/RESULTS.md,Rendered synthetic scenes; not fly outcomes or equivalence evidence.,RECORDED_EVIDENCE_OR_AUDIT,supplementary
DROSOPHILA_COUNTEREVIDENCE_ROBUSTNESS_V1,POSITIVE|BOUNDARY|ENGINEERING_ONLY,Class-diagnostic stationary cue is sufficient in reduced-order generator; removing cue returns chance performance and produces near-1 false-positive rate under shift.,Environment-seed blocks,SUPPLEMENTARY_ONLY,data/results/DROSOPHILA_COUNTEREVIDENCE_ROBUSTNESS_V1/summary.json; summery/DROSOPHILA_COUNTEREVIDENCE_ROBUSTNESS_V1/DROSOPHILA_COUNTEREVIDENCE_ROBUSTNESS_V1_RESULTS.md,"Manipulation check; synthetic feature input, not general vision-model comparison.",RECORDED_EVIDENCE_OR_AUDIT,supplementary
M2_CLOSED_LOOP_ACTIVE_SENSING_V1,POSITIVE|NEGATIVE|BOUNDARY|ENGINEERING_ONLY,Aligned mode-gain filter beats constant-gain ablation but loses to stronger recurrent/Bayesian controls; mapping shifts reverse local advantage.,Training seed; held-out episodes nested by condition,INCLUDED,data/results/M2_CLOSED_LOOP_ACTIVE_SENSING_V1/summary.json; summery/M2_CLOSED_LOOP_ACTIVE_SENSING_V1/RESULTS.md,Outcome-informed synthetic closed-loop task; no biological validation.,RECORDED_EVIDENCE_OR_AUDIT,supplementary
M2_CROSS_TASK_STATE_FEEDBACK_V1,POSITIVE|NEGATIVE|BOUNDARY|ENGINEERING_ONLY,Mode-gain filter beats generic scalar RNN under aligned mapping; loses under reversed mapping; constant gain leads in independent mapping.,Training seeds and shared held-out episodes,INCLUDED,data/results/M2_CROSS_TASK_STATE_FEEDBACK_V1/summary.json; summery/M2_CROSS_TASK_STATE_FEEDBACK_V1/RESULTS.md,Synthetic context-reliability relation imposed by generator; project-level exploratory.,RECORDED_EVIDENCE_OR_AUDIT,supplementary
M2_FEEDBACK_SITE_SPECIFICITY_V3,POSITIVE|BOUNDARY|ENGINEERING_ONLY,Sensory-site feedback exceeds mean-duration-calibrated motor-only source-model control across three imposed noise scales.,Simulation seed blocks; agents nested,INCLUDED,data/results/M2_FEEDBACK_SITE_SPECIFICITY_V3/summary.json; summery/M2_FEEDBACK_SITE_SPECIFICITY_V3/RESULTS.md,"Outcome-informed; only mean run duration calibrated, full distribution/internal dynamics differ.",RECORDED_EVIDENCE_OR_AUDIT,supplementary
M2_FEEDBACK_SITE_SPECIFICITY_V4,POSITIVE|BOUNDARY|ENGINEERING_ONLY,"Positive source-model contrast persists, but calibrated motor-only control still fails full persistence matching.",Simulation seed blocks; agents nested,INCLUDED,data/results/M2_FEEDBACK_SITE_SPECIFICITY_V4/summary.json; summery/M2_FEEDBACK_SITE_SPECIFICITY_V4/RESULTS.md,Failed control-matching attempt; do not interpret as isolated feedback-site effect.,RECORDED_EVIDENCE_OR_AUDIT,supplementary
M2_FORWARD_STATE_DECISION_TRANSFER_V1,POSITIVE|NEGATIVE|BOUNDARY|ENGINEERING_ONLY,Post hoc readouts improve aligned decisions but performance degrades under independent/reversed mappings; descriptive only.,Episodes reused from V3; no new independent task family,INCLUDED,data/results/M2_FORWARD_STATE_DECISION_TRANSFER_V1/summary.json; summery/M2_FORWARD_STATE_DECISION_TRANSFER_V1/RESULTS.md,"Post hoc, same task streams, no inferential uncertainty or multiplicity correction.",RECORDED_EVIDENCE_OR_AUDIT,supplementary
M2_FORWARD_STATE_SENSORY_GATE_V1,INVALID|ENGINEERING_ONLY,Invalid implementation due train/evaluation data-flow mismatch; effects not interpretable.,Episode metrics affected by implementation incident,INCLUDED_HISTORICAL_FAILURE,summery/M2_FORWARD_STATE_SENSORY_GATE_V1/RESULTS.md; summery/M2_FORWARD_STATE_SENSORY_GATE_V1/IMPLEMENTATION_INCIDENT.md,Retain for failure provenance; do not use estimates.,RECORDED_EVIDENCE_OR_AUDIT,supplementary
M2_FORWARD_STATE_SENSORY_GATE_V2,POSITIVE|NEGATIVE|BOUNDARY|ENGINEERING_ONLY,Corrected gate helps under aligned mapping and is worse than constant/generic controls under independent or reversed mappings.,Training seed; held-out episodes shared across policies,INCLUDED,data/results/M2_FORWARD_STATE_SENSORY_GATE_V2/summary.json; summery/M2_FORWARD_STATE_SENSORY_GATE_V2/RESULTS.md,Post-result correction after V1; synthetic channel assumptions.,RECORDED_EVIDENCE_OR_AUDIT,supplementary
M2_FORWARD_STATE_SENSORY_GATE_V3,POSITIVE|BOUNDARY|ENGINEERING_ONLY,Small gate advantage over constant-gain ablation persists across cross-dynamics variation in aligned in-range condition; remains below task-aware reference.,Training seed; held-out episodes by condition,INCLUDED,data/results/M2_FORWARD_STATE_SENSORY_GATE_V3/summary.json; summery/M2_FORWARD_STATE_SENSORY_GATE_V3/RESULTS.md,"Outcome-informed; one synthetic scalar-estimation family, not biological or broad AI transfer.",RECORDED_EVIDENCE_OR_AUDIT,supplementary
M2_JI2021_FEEDBACK_DYNAMICS,POSITIVE|BOUNDARY|ENGINEERING_ONLY,Python source-model translation reproduces positive-feedback warm-direction advantage and synthetic noise stress response.,Simulation seed blocks; agents nested,INCLUDED,data/results/M2_JI2021_FEEDBACK_DYNAMICS/summary.json; summery/M2_JI2021_FEEDBACK_DYNAMICS/RESULTS.md,"Post-result model reproduction, not empirical replication or AI-transfer test.",RECORDED_EVIDENCE_OR_AUDIT,main_text_candidate
M2_JI2021_FEEDBACK_SITE_CONTROL_V1,POSITIVE|BOUNDARY|ENGINEERING_ONLY,"Sensory-site arm exceeds coarse-grid motor-only comparator, but mean run duration is not matched.",Simulation seed blocks; agents nested,INCLUDED,data/results/M2_JI2021_FEEDBACK_SITE_CONTROL_V1/summary.json; summery/M2_JI2021_FEEDBACK_SITE_CONTROL_V1/RESULTS.md,Post-result; comparator mismatch prevents isolating feedback placement.,RECORDED_EVIDENCE_OR_AUDIT,supplementary
M2_JI2021_FEEDBACK_SITE_CONTROL_V2,POSITIVE|BOUNDARY|ENGINEERING_ONLY,Sensory-site arm exceeds finely calibrated motor-only arm after matching mean forward-run duration.,Simulation seed blocks; agents nested,INCLUDED,data/results/M2_JI2021_FEEDBACK_SITE_CONTROL_V2/summary.json; summery/M2_JI2021_FEEDBACK_SITE_CONTROL_V2/M2_JI2021_FEEDBACK_SITE_CONTROL_V2_RESULTS.md,Post-result; higher-order run distributions and switch dynamics remain unmatched.,RECORDED_EVIDENCE_OR_AUDIT,supplementary
M2_RIM_ABLATION_SOURCE_REANALYSIS,BOUNDARY|SUPPORTING,Event-weighted source-sheet summaries align with published direction of RIM-ablation run-duration difference.,Run events; animal/session identity unavailable,INCLUDED,data/results/M2_RIM_ABLATION_SOURCE_REANALYSIS/summary.json; summery/M2_RIM_ABLATION_SOURCE_REANALYSIS/RESULTS.md; experiments/biological_validation/O3_ROUTE2_REPORT_CLAIM_VERIFICATION_01.md,Descriptive event analysis only; events are not animal replicates.,RECORDED_EVIDENCE_OR_AUDIT,supplementary
M2_TARGETED_GAIN_OPTIMIZATION,BOUNDARY|ENGINEERING_ONLY,Direct-objective optimized gate contrast is inconclusive; interval spans zero and hazard-cell directions differ.,Training seeds; paired shared held-out episodes,INCLUDED,data/results/M2_TARGETED_GAIN_OPTIMIZATION/primary_result.json; summery/M2_TARGETED_GAIN_OPTIMIZATION/RESULTS.md,"Post-result; closed by contract, no further tuning implied.",RECORDED_EVIDENCE_OR_AUDIT,supplementary
M4_CA3,NEGATIVE|BOUNDARY|ENGINEERING_ONLY,Hebbian Hopfield underperforms exact exemplar/MAP retrieval on the frozen synthetic partial-cue generator.,Memory-set/task seeds,SUPPLEMENTARY_ONLY,data/results/M4_CA3/results_v2_unclamped_method_correction/summary.json; experiments/m4_ca3_partial_cue/RESULTS.md,Post-result correction; MAP not resource matched; not CA3 biological test.,RECORDED_EVIDENCE_OR_AUDIT,supplementary
M5_CEREBELLAR,POSITIVE|BOUNDARY|ENGINEERING_ONLY,Corrected v3 eligibility trace improves over no-trace on specified delayed-label synthetic objective; replay/BPTT remain stronger in reported settings.,Task seed; delay is paired within seed,SUPPLEMENTARY_ONLY,data/results/M5_CEREBELLAR/results_v3_local_norm_correction/summary.json; experiments/m5_cerebellar_eligibility/RESULTS.md,"Post-result, task-specific; does not measure cerebellar learning equation.",RECORDED_EVIDENCE_OR_AUDIT,supplementary
M5_DELAYED_REWARD_BANDIT,POSITIVE|BOUNDARY|ENGINEERING_ONLY,"Eligibility trace yields a small held-out reward gain over no-trace, declining with delay; exact replay stronger.",Task seed; delay paired within seed,SUPPLEMENTARY_ONLY,data/results/M5_DELAYED_REWARD_BANDIT/primary_result.json; summery/M5_DELAYED_REWARD_BANDIT/RESULTS.md,Post-result synthetic bandit; limited architecture/task generalization.,RECORDED_EVIDENCE_OR_AUDIT,supplementary
M5_ELIGIBILITY_TEMPORAL_XOR_V2,INVALID|ENGINEERING_ONLY,Task viability was not established across delay grid; learning-rule contrast inconclusive.,Task seed,SUPPLEMENTARY_ONLY,data/results/M5_ELIGIBILITY_TEMPORAL_XOR_V2/summary.json; experiments/m10_m5_eprop_temporal_xor/results/M10_FINAL_STATUS.json,Not a negative result on a learnable task or biological mechanism.,RECORDED_EVIDENCE_OR_AUDIT,supplementary
M5_RECURRENT_RESERVOIR_BANDIT,POSITIVE|BOUNDARY|ENGINEERING_ONLY,Trace has a modest gain over no-trace with recurrent policy features; exact replay remains stronger.,Task seed; delay paired within seed,SUPPLEMENTARY_ONLY,data/results/M5_RECURRENT_RESERVOIR_BANDIT/primary_result.json; summery/M5_RECURRENT_RESERVOIR_BANDIT/RESULTS.md,Synthetic task-specific effect; no biological validation.,RECORDED_EVIDENCE_OR_AUDIT,supplementary
M5_TASK_GENERATOR_GENERALIZATION,POSITIVE|BOUNDARY|ENGINEERING_ONLY,Fixed trace generalizes over specified input-stream generators on same classification objective; AR delays include no-trace wins; replay remains stronger.,Task seed; generator/delay paired within seed,SUPPLEMENTARY_ONLY,data/results/M5_TASK_GENERATOR_GENERALIZATION/primary_result.json; summery/M5_TASK_GENERATOR_GENERALIZATION/README.md,"Post-result sensitivity; same objective, not unrelated task family.",RECORDED_EVIDENCE_OR_AUDIT,supplementary
M6_STATE_GATED_INFERENCE,NEGATIVE|BOUNDARY|ENGINEERING_ONLY,Learned state gate has higher error than parameter-matched innovation-adaptive filter across three high-reversal-noise hazards; oracle HMM stronger.,Synthetic episode; training seeds define fitted policy,SUPPLEMENTARY_ONLY,data/results/M6_STATE_GATED_INFERENCE/summary.json; summery/M6_STATE_GATED_INFERENCE/RESULTS.md,Outcome-informed; noise/context relation stipulated synthetically.,RECORDED_EVIDENCE_OR_AUDIT,supplementary
M7_TEMPORAL_CORRELATION_BOUNDARY,BOUNDARY|ENGINEERING_ONLY,Trace benefit varies with autocorrelation and delay; exact replay beats trace in all 48 objective × rho × delay cells.,Task seed; classification and regression separate,SUPPLEMENTARY_ONLY,data/results/M7_TEMPORAL_CORRELATION_BOUNDARY/analysis_v1_objective_stratified.json; summery/M7_TEMPORAL_CORRELATION_BOUNDARY/RESULTS.md,Post-result; no pooled accuracy/MSE interaction; not biological trace parameter.,RECORDED_EVIDENCE_OR_AUDIT,supplementary
M8_MEMORY_MATCHED_REPLAY_ANALYSIS,NEGATIVE|BOUNDARY|ENGINEERING_ONLY,Exact replay exceeds delay-matched horizon summary under same nominal active feature-history count.,Task seed; nine paired condition cells,SUPPLEMENTARY_ONLY,data/results/M8_MEMORY_MATCHED_REPLAY_ANALYSIS/summary.json; summery/M8_MEMORY_MATCHED_REPLAY_ANALYSIS/RESULTS.md,Post-result secondary analysis; nominal feature-history values are not total process memory.,RECORDED_EVIDENCE_OR_AUDIT,supplementary
M8_TRACE_HORIZON_FRONTIER,POSITIVE|BOUNDARY|ENGINEERING_ONLY,"Longer horizons improve over short horizons in some cells, with a narrow frontier; exact replay remains strongest.",Task seed; correlation/delay are paired conditions,SUPPLEMENTARY_ONLY,data/results/M8_TRACE_HORIZON_FRONTIER/summary.json; summery/M8_TRACE_HORIZON_FRONTIER/RESULTS.md,Post-result after implementation correction; NumPy/runtime caveats retained.,RECORDED_EVIDENCE_OR_AUDIT,supplementary
RR18_LEGACY_SEPARATE_WORKSTREAM,BOUNDARY|SUPPORTING,"Historical RR18/R-series records remain a separately governed lane with mixed, superseded, or acquisition-limited artifacts; not consolidated here.",Mixed; per-round identity and unit varies,EXCLUDED_SEPARATE_WORKSTREAM,RR18/README.md; RR18_AGENTS.md,This matrix does not replace the RR18 lane audit or change its ownership boundary.,RECORDED_EVIDENCE_OR_AUDIT,separately_governed_excluded
M12_BIOLOGICALLY_MOTIVATED_ACTION_CONDITIONED_CONTROL_V1,BOUNDARY|ENGINEERING_ONLY,INCONCLUSIVE_TASK_VIABILITY_FAILED: reference improvement 4.78% was below the frozen 10% viability threshold; 40 paired task-seed blocks completed and corrective post-run verification passed 27/27 checks.,Paired task-seed blocks; synthetic episodes are nested observations,INCLUDED,https://github.com/4gcy6tzy6n-coder/NeuroMotif/blob/7f3e4cd50d474b5cc1cfbff8a8cc89b5e7c2a458/summery/M12_BIOLOGICALLY_MOTIVATED_ACTION_CONDITIONED_CONTROL_V1/RESULTS.md; https://github.com/4gcy6tzy6n-coder/NeuroMotif/blob/7f3e4cd50d474b5cc1cfbff8a8cc89b5e7c2a458/data/results/M12_BIOLOGICALLY_MOTIVATED_ACTION_CONDITIONED_CONTROL_V1/SUMMARY.json,Supplemental project-level outcome-informed synthetic study; failed viability gate makes architecture contrast inconclusive; does not establish or falsify C. elegans biology. Original frozen verifier serialization defect retained and disclosed.,RECORDED_EVIDENCE_OR_AUDIT,supplementary
M9_M5_EPROP_RECURRENT_ASSOCIATION_V2,POSITIVE|BOUNDARY|ENGINEERING_ONLY,"Eligibility trace exceeded no-trace on the frozen equal-delay accuracy contrast (+0.0906; 95% task-seed bootstrap CI [+0.0828,+0.0988], 30/30 seeds positive), but remained below BPTT overall (trace − BPTT −0.0114; CI [−0.0193,−0.0037]); delay-64 contrast was not robust.",Task seeds; delays paired within seed; episodes nested observations,SUPPLEMENTARY_ONLY,experiments/m9_m5_eprop_recurrent_association_v2/M9V2_CONTRACT.md; experiments/m9_m5_eprop_recurrent_association_v2/results/M9V2_RESULTS.md; experiments/m9_m5_eprop_recurrent_association_v2/results/M9V2_PRIMARY_RESULT.json,"Post-result exploratory synthetic study; trainable leaky RNN, not LTC/LNN; trace advantage over no-trace does not establish advantage over exact BPTT or biological validation.",RECORDED_EVIDENCE_OR_AUDIT,supplementary
FISH15_E1_ROBUSTNESS_SENSITIVITY,BOUNDARY|SUPPORTING,Prespecified descriptive endpoint/cohort Spearman sensitivities vary in sign and magnitude (rho −0.1334 to +0.1430 across the 82-neuron cohort; expanded 97-node estimate −0.1031); no intervals were computed. A separate six-member secondary-association family has five estimable small negative correlations with Holm-adjusted p=1.0; the constant three-step predictor is not estimable.,Neurons within one Fish1.5 specimen; expanded-graph sensitivity remains same-specimen,SUPPLEMENTARY_ONLY,results/experiment1/FISH15_ROBUSTNESS_RESULTS.csv; results/experiment1/FISH15_SECONDARY_ASSOCIATIONS_CORRECTED.csv; results/experiment1/FISH15_SECONDARY_ASSOCIATIONS_CORRECTION.md; results/experiment1/FISH15_FIGURE_PANEL_C_SOURCE.csv; results/experiment1/FISH15_FIGURE_ROBUSTNESS_LEGEND.md,Outcome-informed retrospective sensitivity evidence; endpoints/cohorts are not independent replications; no uncertainty intervals for Fig. S1; the secondary test family is separate from the descriptive fixed-endpoint plot; does not replace or rescue the primary hypothesis and supports no population-level inference.,RECORDED_EVIDENCE_OR_AUDIT,supplementary
M11_CEREBELLAR_ELIGIBILITY_LATENT_STATE_V1,NEGATIVE|BOUNDARY|ENGINEERING_ONLY,"M11-v1 passed all task/history viability gates. The primary equal-delay task-seed contrast (eligibility trace − no trace) was −0.002104 accuracy (95% percentile-bootstrap CI [−0.002592, −0.001604]; 1/30 task seeds positive), a bounded negative result for the frozen synthetic task. Trace − BPTT was −0.001350 (secondary descriptive 95% CI [−0.001754, −0.000929]); no-trace − BPTT was +0.000754 ([+0.000358, +0.001146]). The largest trace disadvantage occurred at delay 64. Independent verifier passed all recorded checks.",30 independent task-seed blocks; episode and delay observations paired/repeated within task seed,SUPPLEMENTARY / DISTINCT ALGORITHMIC PORTFOLIO,experiments/m11_cerebellar_eligibility_latent_state/M11_CONTRACT.md; experiments/m11_cerebellar_eligibility_latent_state/M11_PRE_RUN_CLARIFICATION_01.md; data/results/M11_CEREBELLAR_ELIGIBILITY_LATENT_STATE_V1/M11_RESULT.json; data/results/M11_CEREBELLAR_ELIGIBILITY_LATENT_STATE_V1/M11_POSTRUN_VERIFICATION.json; summery/M11_CEREBELLAR_ELIGIBILITY_LATENT_STATE_V1/RESULTS.md,Outcome-informed synthetic task only. Negative result is bounded to this frozen Markov-state generator and learning rule; does not establish failure of biological eligibility traces or a cerebellar learning mechanism. Secondary intervals are unadjusted and do not replace the primary contrast.,EXECUTED_VERIFIED,supplementary
