source_project,source_commit,path_in_source_repo,sha256,artifact_role
NeuroMotif,1adc07ffc735cf458116ca36c9f4875708034d4a,data/results/FISH15_EXPERIMENT1/FISH15_PRIMARY_RESULT.md,65c9707563cc1eca4198c63506dd6ab8d39f08146592d0224fb314ad62c553ec,Fish1.5 source-of-record / bounded portfolio summary
NeuroMotif,1adc07ffc735cf458116ca36c9f4875708034d4a,data/results/FISH15_EXPERIMENT1/FISH15_PRIMARY_RESULT.json,c99569555ff2ef17844d7002914df5e29cbb3727169bb0caa04ee4a71bc09171,Fish1.5 source-of-record / bounded portfolio summary
NeuroMotif,1adc07ffc735cf458116ca36c9f4875708034d4a,data/results/FISH15_EXPERIMENT1/FISH15_EXPERIMENT1_CONTRACT.md,0b242bbe0f3badb4747cabe3cf6515271291134ddb2390b880fa9a2920475475,Fish1.5 source-of-record / bounded portfolio summary
NeuroMotif,1adc07ffc735cf458116ca36c9f4875708034d4a,data/results/FISH15_EXPERIMENT1/FISH15_EXPERIMENT1_PROVENANCE.json,a309de7ffb9e2ce8fb2c7b0cdc1150089d41d301c41a05ebfb7a2c327d0e3716,Fish1.5 source-of-record / bounded portfolio summary
NeuroMotif,1adc07ffc735cf458116ca36c9f4875708034d4a,data/results/FISH15_POSTRESULT_RECURRENCE_NULL_V1/RESULTS.md,71f92369c5dd57f0e7c64c7ae71158b3131c597ec681ff097065933721f37e88,Fish1.5 source-of-record / bounded portfolio summary
NeuroMotif,1adc07ffc735cf458116ca36c9f4875708034d4a,data/results/FISH15_POSTRESULT_RECURRENCE_NULL_V1/CONDITIONED_NULL_SUMMARY.json,534be24b24c9a5b0b2a14e7bbe3ba405c8c2fd9c4a6c2e06aa5de6cf157fa04c,Fish1.5 source-of-record / bounded portfolio summary
NeuroMotif,1adc07ffc735cf458116ca36c9f4875708034d4a,summery/PROJECT_FULL_EVIDENCE_REPORT_01/README.md,f7a1dbd81e5aac3b62f950e2e99490877e2aac1aef441c9cdfcfb5b9f14d405d,Fish1.5 source-of-record / bounded portfolio summary
NeuroMech,3e5c458f15b2cad7aa6c5703b1827763e84343bb,summery/M2_COROLLARY_DISCHARGE_PLACEMENT_TRANSFER_V1/CONTRACT.md,a29092ee3822e45c3c331e51706e9563156a22ce90c1867f4e61da4d75b6493d,"M2/M5 source contract, canonical output, and stored-artifact verifier"
NeuroMech,3e5c458f15b2cad7aa6c5703b1827763e84343bb,summery/M2_COROLLARY_DISCHARGE_PLACEMENT_TRANSFER_V1/RESULTS.md,ad801c6c3de7380937df0111e8cc901088be1238f3107b56cc207728bf190825,"M2/M5 source contract, canonical output, and stored-artifact verifier"
NeuroMech,3e5c458f15b2cad7aa6c5703b1827763e84343bb,data/results/M2_COROLLARY_DISCHARGE_PLACEMENT_TRANSFER_V1/canonical/run_manifest.json,3e1969d24b08a9d32a86dbd1253489fa8580db22649720ea8953c42ef297dcfe,"M2/M5 source contract, canonical output, and stored-artifact verifier"
NeuroMech,3e5c458f15b2cad7aa6c5703b1827763e84343bb,data/results/M2_COROLLARY_DISCHARGE_PLACEMENT_TRANSFER_V1/canonical/summary.json,d7882c8a171045584be551db682f3c284fe24d2a6431671b8605a75c7f21862f,"M2/M5 source contract, canonical output, and stored-artifact verifier"
NeuroMech,3e5c458f15b2cad7aa6c5703b1827763e84343bb,data/results/M2_COROLLARY_DISCHARGE_PLACEMENT_TRANSFER_V1/canonical/episode_metrics.csv,cab141be8ae4724ae797bbdfe2d72717b4e6b06bb6ab1cab2fc659010e4d9d99,"M2/M5 source contract, canonical output, and stored-artifact verifier"
NeuroMech,3e5c458f15b2cad7aa6c5703b1827763e84343bb,model/M2_COROLLARY_DISCHARGE_PLACEMENT_TRANSFER_V1/verify_results.py,6b9e7570d2e6e1e1da4689be39b27334ec721e2a23c45b9cd18e19672b2e9fec,"M2/M5 source contract, canonical output, and stored-artifact verifier"
NeuroMech,3e5c458f15b2cad7aa6c5703b1827763e84343bb,summery/M5_CEREBELLAR_CF_LTD_HELDOUT_READOUT_V1/CONTRACT.md,9d985af10486fa796b25b4d0380f333c6f0972430ac2692387be6363bba51254,"M2/M5 source contract, canonical output, and stored-artifact verifier"
NeuroMech,3e5c458f15b2cad7aa6c5703b1827763e84343bb,summery/M5_CEREBELLAR_CF_LTD_HELDOUT_READOUT_V1/RESULTS.md,2a789c2afb9ab51923af3c39cdd618a66822b42d27637114c6260f22a21641ee,"M2/M5 source contract, canonical output, and stored-artifact verifier"
NeuroMech,3e5c458f15b2cad7aa6c5703b1827763e84343bb,data/results/M5_CEREBELLAR_CF_LTD_HELDOUT_READOUT_V1/run_manifest.json,7cc2956025768ece5c9087d676a44e22fc49296d83bb8624f080bd1148ec60ba,"M2/M5 source contract, canonical output, and stored-artifact verifier"
NeuroMech,3e5c458f15b2cad7aa6c5703b1827763e84343bb,data/results/M5_CEREBELLAR_CF_LTD_HELDOUT_READOUT_V1/summary.json,3390e334392dbdd891d42102a7ca68a3976670645104508ee70ce7bb9ac97e8e,"M2/M5 source contract, canonical output, and stored-artifact verifier"
NeuroMech,3e5c458f15b2cad7aa6c5703b1827763e84343bb,data/results/M5_CEREBELLAR_CF_LTD_HELDOUT_READOUT_V1/session_summary.csv,508f56025cda88aa5d8b3582f0f261a842489be402984d265a16bf974baf1131,"M2/M5 source contract, canonical output, and stored-artifact verifier"
NeuroMech,3e5c458f15b2cad7aa6c5703b1827763e84343bb,model/M5_CEREBELLAR_CF_LTD_HELDOUT_READOUT_V1/verify_results.py,8b3835baeace49119a7e6f7d394c24beaa6a3ced6732e07b91ccc3accc71f46f,"M2/M5 source contract, canonical output, and stored-artifact verifier"
NeuroMech,3e5c458f15b2cad7aa6c5703b1827763e84343bb,summery/M5_CEREBELLAR_SOURCE_LTD_TRANSFER_V2/CONTRACT.md,b0304f1aea422da91e0a19abec06a29367e50016a1344e14fa9e6ce20891ad2e,"M2/M5 source contract, canonical output, and stored-artifact verifier"
NeuroMech,3e5c458f15b2cad7aa6c5703b1827763e84343bb,summery/M5_CEREBELLAR_SOURCE_LTD_TRANSFER_V2/RESULTS.md,ac88f69164717fd278c857845ec41943cefe95fb2327fcb392ec0212657062bf,"M2/M5 source contract, canonical output, and stored-artifact verifier"
NeuroMech,3e5c458f15b2cad7aa6c5703b1827763e84343bb,data/results/M5_CEREBELLAR_SOURCE_LTD_TRANSFER_V2/run_manifest.json,eaac5929918d3e814a6f2293af06b3b8de57a57673e65f07effddc588d4f8911,"M2/M5 source contract, canonical output, and stored-artifact verifier"
NeuroMech,3e5c458f15b2cad7aa6c5703b1827763e84343bb,data/results/M5_CEREBELLAR_SOURCE_LTD_TRANSFER_V2/summary.json,c2f3087db1fe2ec8e31d762d41fb559a2f0d682980bd1acfb9aa2858ff29d24a,"M2/M5 source contract, canonical output, and stored-artifact verifier"
NeuroMech,3e5c458f15b2cad7aa6c5703b1827763e84343bb,data/results/M5_CEREBELLAR_SOURCE_LTD_TRANSFER_V2/arm_summary.csv,a3198a6c4390bfef7eb1ca71ff94db228345197f727fe64d9997c98d0c6e6f9e,"M2/M5 source contract, canonical output, and stored-artifact verifier"
NeuroMech,3e5c458f15b2cad7aa6c5703b1827763e84343bb,data/results/M5_CEREBELLAR_SOURCE_LTD_TRANSFER_V2/paired_contrasts.csv,723279d4ccfe5f9ac5a7ae73f009d5d07b75ee9d4c4c084a3c64a97b32927028,"M2/M5 source contract, canonical output, and stored-artifact verifier"
NeuroMech,3e5c458f15b2cad7aa6c5703b1827763e84343bb,model/M5_CEREBELLAR_SOURCE_LTD_TRANSFER_V2/verify_results.py,8051730dc3503a67a35c06a5c9d1315a90f8e72941d3728bf0371de9359c1e93,"M2/M5 source contract, canonical output, and stored-artifact verifier"
NeuroMech,3e5c458f15b2cad7aa6c5703b1827763e84343bb,summery/M5_ELIGIBILITY_TRUNCATED_BPTT_V1/CONTRACT.md,5e65e5d286aafefb1acff97c2df8b2c8c8404b1f3f696f67944c988b0b688248,M5 synthetic delayed-XOR eligibility / generator-generalization record
NeuroMech,3e5c458f15b2cad7aa6c5703b1827763e84343bb,summery/M5_ELIGIBILITY_TRUNCATED_BPTT_V1/RESULTS.md,deab0ef7cbad2192bc79a2f968ba003191dfc09ee920dd29d8bc00353e857502,M5 synthetic delayed-XOR eligibility / generator-generalization record
NeuroMech,3e5c458f15b2cad7aa6c5703b1827763e84343bb,data/results/M5_ELIGIBILITY_TRUNCATED_BPTT_V1/summary.json,d8f17bf5c6120e7c48979a9ab5b0c4fe283355f6002d1efbef68f3ff6e7c189f,M5 synthetic delayed-XOR eligibility / generator-generalization record
NeuroMech,3e5c458f15b2cad7aa6c5703b1827763e84343bb,data/results/M5_ELIGIBILITY_TRUNCATED_BPTT_V1/task_seed_results.csv,a649861ff513a60b4571cd162d2e2ab641a86f5a9b41b122e7a24cd77e627193,M5 synthetic delayed-XOR eligibility / generator-generalization record
NeuroMech,3e5c458f15b2cad7aa6c5703b1827763e84343bb,data/results/M5_ELIGIBILITY_TRUNCATED_BPTT_V1/paired_seed_contrasts.csv,ccc5f38fa5f8e76742195fa6619671a9e1d6e0f37efe05f3d36dda491c344aaa,M5 synthetic delayed-XOR eligibility / generator-generalization record
NeuroMech,3e5c458f15b2cad7aa6c5703b1827763e84343bb,data/results/M5_ELIGIBILITY_TRUNCATED_BPTT_V1/POSTRUN_VERIFICATION.json,b630c88a0201b290f795601bdcdae80c2d2abf6e1abebbcfc965635abf392625,M5 synthetic delayed-XOR eligibility / generator-generalization record
NeuroMech,3e5c458f15b2cad7aa6c5703b1827763e84343bb,summery/M5_TASK_GENERATOR_GENERALIZATION/M5_TASK_GENERATOR_GENERALIZATION_CONTRACT.md,0bed7ec738fed5b1ac810f383d477f618cb0b084aa4bf73b644c96a7e67b7aea,M5 synthetic delayed-XOR eligibility / generator-generalization record
NeuroMech,3e5c458f15b2cad7aa6c5703b1827763e84343bb,summery/M5_TASK_GENERATOR_GENERALIZATION/RESULTS.md,bca0d9a5dd406527f43ff45ca3a241845db83c08f2bbdaeb353af0e85d7bfb25,M5 synthetic delayed-XOR eligibility / generator-generalization record
NeuroMech,3e5c458f15b2cad7aa6c5703b1827763e84343bb,data/results/M5_TASK_GENERATOR_GENERALIZATION/primary_result.json,37826d7076d454eae959f7eec9d0a92db5ae803ef1f3251c0259f3a5852cb94c,M5 synthetic delayed-XOR eligibility / generator-generalization record
NeuroMech,3e5c458f15b2cad7aa6c5703b1827763e84343bb,data/results/M5_TASK_GENERATOR_GENERALIZATION/task_metrics.csv,660fc38e00c0e025d6bf17fbbc658010dfcabb1097d463dd66e41743685b119a,M5 synthetic delayed-XOR eligibility / generator-generalization record
NeuroMech,3e5c458f15b2cad7aa6c5703b1827763e84343bb,data/results/M5_TASK_GENERATOR_GENERALIZATION/per_seed_task_contrasts.csv,0ea5b94c5241b9717c0b5e1c241cadf2f77c3c38b676bd9c5b93ae07aed22fd5,M5 synthetic delayed-XOR eligibility / generator-generalization record
NeuroMech,3e5c458f15b2cad7aa6c5703b1827763e84343bb,data/results/M5_TASK_GENERATOR_GENERALIZATION/POSTRUN_VERIFICATION.json,133659f9b1c2a3003e362a9a63cc9cb3557d4466ac711c2df1c81f76d2347e83,M5 synthetic delayed-XOR eligibility / generator-generalization record
NeuroMech,3e5c458f15b2cad7aa6c5703b1827763e84343bb,summery/M5_CEREBELLAR/RESULTS.md,dc49c09aadbe9cd33dabea81628528f42ba50a5a8bc195115403ff22ddbe899e,M5 synthetic delayed-XOR eligibility / generator-generalization record
